2082,15:23:21,0,F,DESCENT,765,15,N,C,32,7.2,97,1.0,-0.6,0.4
2082,15:23:21,1,F,DESCENT,765,15,N,C,32,7.2,97,1.0,-0.6,0.4
2082,15:23:21,2,F,DESCENT,765,15,N,C,32,7.2,97,1.0,-0.6,0.4
2082,15:23:21,3,F,DESCENT,765,15,N,C,32,7.2,97,1.0,-0.6,0.4
2082,15:23:21,4,F,DESCENT,765,15,N,C,32,7.2,97,1.0,-0.6,0.4
2082,15:23:21,5,F,DESCENT,765,15,N,C,32,7.2,97,1.0,-0.6,0.4
2082,15:23:21,6,F,DESCENT,765,15,N,C,32,7.2,97,1.0,-0.6,0.4
2082,15:23:21,7,F,DESCENT,765,15,N,C,32,7.2,97,1.0,-0.6,0.4
2082,15:23:21,1,F,DESCENT,765,15,N,C,32,7.2,97,1.0,-0.6,0.4
2082,15:23:21,2,F,DESCENT,765,15,N,C,32,7.2,97,1.0,-0.6,0.4
2082,15:23:21,3,F,DESCENT,765,15,N,C,32,7.2,97,1.0,-0.6,0.4
2082,15:23:21,0,F,DESCENT,765,15,N,C,32,7.2,97,1.0,-0.6,0.4
2082,15:23:21,1,F,DESCENT,765,15,N,C,32,7.2,97,1.0,-0.6,0.4
2082,15:23:21,2,F,DESCENT,765,15,N,C,32,7.2,97,1.0,-0.6,0.4
2082,15:23:21,3,F,DESCENT,765,15,N,C,32,7.2,97,1.0,-0.6,0.4
2082,15:23:21,0,F,DESCENT,765,15,N,C,32,7.2,97,1.0,-0.6,0.4
2082,15:23:21,1,F,DESCENT,765,15,N,C,32,7.2,97,1.0,-0.6,0.4
2082,15:23:21,2,F,DESCENT,765,15,N,C,32,7.2,97,1.0,-0.6,0.4
2082,15:23:21,0,F,DESCENT,765,15,N,C,32,7.2,97,1.0,-0.6,0.4
2082,15:23:21,1,F,DESCENT,765,15,N,C,32,7.2,97,1.0,-0.6,0.4
2082,15:23:21,2,F,DESCENT,765,15,N,C,32,7.2,97,1.0,-0.6,0.4
2082,15:23:21,3,F,DESCENT,765,15,N,C,32,7.2,97,1.0,-0.6,0.4
2082,15:23:21,4,F,DESCENT,765,15,N,C,32,7.2,97,1.0,-0.6,0.4
2082,15:23:21,5,F,DESCENT,765,15,N,C,32,7.2,97,1.0,-0.6,0.4
2082,15:23:21,0,F,DESCENT,765,15,N,C,32,7.2,97,1.0,-0.6,0.4
2082,15:23:21,1,F,DESCENT,765,15,N,C,32,7.2,97,1.0,-0.6,0.4
2082,15:23:21,2,F,DESCENT,765,15,N,C,32,7.2,97,1.0,-0.6,0.4
2082,15:23:21,3,F,DESCENT,765,15,N,C,32,7.2,97,1.0,-0.6,0.4
2082,15:23:21,4,F,DESCENT,765,15,N,C,32,7.2,97,1.0,-0.6,0.4
2082,15:23:21,0,F,DESCENT,765,15,N,C,32,7.2,97,1.0,-0.6,0.4
2082,15:23:21,1,F,DESCENT,765,15,N,C,32,7.2,97,1.0,-0.6,0.4
2082,15:23:21,2,F,DESCENT,765,15,N,C,32,7.2,97,1.0,-0.6,0.4
2082,15:23:21,3,F,DESCENT,765,15,N,C,32,7.2,97,1.0,-0.6,0.4
2082,15:23:21,4,F,DESCENT,765,15,N,C,32,7.2,97,1.0,-0.6,0.4
2082,15:23:21,5,F,DESCENT,765,15,N,C,32,7.2,97,1.0,-0.6,0.4
2082,15:23:21,6,F,DESCENT,765,15,N,C,32,7.2,97,1.0,-0.6,0.4
2082,15:23:21,7,F,DESCENT,765,15,N,C,32,7.2,97,1.0,-0.6,0.4
2082,15:23:21,8,F,DESCENT,765,15,N,C,32,7.2,97,1.0,-0.6,0.4
2082,15:23:21,9,F,DESCENT,765,15,N,C,32,7.2,97,1.0,-0.6,0.4
2082,15:23:21,10,F,DESCENT,765,15,N,C,32,7.2,97,1.0,-0.6,0.4
2082,15:23:21,11,F,DESCENT,765,15,N,C,32,7.2,97,1.0,-0.6,0.4
2082,15:23:21,0,F,DESCENT,765,15,N,C,32,7.2,97,1.0,-0.6,0.4
2082,15:23:21,1,F,DESCENT,765,15,N,C,32,7.2,97,1.0,-0.6,0.4
2082,15:23:21,2,F,DESCENT,765,15,N,C,32,7.2,97,1.0,-0.6,0.4
2082,15:23:21,3,F,DESCENT,765,15,N,C,32,7.2,97,1.0,-0.6,0.4
2082,15:23:21,0,F,DESCENT,765,15,N,C,32,7.2,97,1.0,-0.6,0.4
2082,15:23:21,1,F,DESCENT,765,15,N,C,32,7.2,97,1.0,-0.6,0.4
2082,15:23:21,2,F,DESCENT,765,15,N,C,32,7.2,97,1.0,-0.6,0.4
2082,15:23:21,3,F,DESCENT,765,15,N,C,32,7.2,97,1.0,-0.6,0.4
2082,15:23:21,4,F,DESCENT,765,15,N,C,32,7.2,97,1.0,-0.6,0.4
2082,15:23:21,5,F,DESCENT,765,15,N,C,32,7.2,97,1.0,-0.6,0.4
2082,15:23:21,6,F,DESCENT,765,15,N,C,32,7.2,97,1.0,-0.6,0.4
2082,15:23:21,7,F,DESCENT,765,15,N,C,32,7.2,97,1.0,-0.6,0.4
2082,15:23:21,8,F,DESCENT,765,15,N,C,32,7.2,97,1.0,-0.6,0.4
2082,15:23:21,9,F,DESCENT,765,15,N,C,32,7.2,97,1.0,-0.6,0.4
2082,15:23:21,10,F,DESCENT,765,15,N,C,32,7.2,97,1.0,-0.6,0.4
2082,15:23:21,11,F,DESCENT,765,15,N,C,32,7.2,97,1.0,-0.6,0.4
2082,15:23:21,12,F,DESCENT,765,15,N,C,32,7.2,97,1.0,-0.6,0.4
2082,15:23:21,13,F,DESCENT,765,15,N,C,32,7.2,97,1.0,-0.6,0.4
2082,15:23:21,14,F,DESCENT,765,15,N,C,32,7.2,97,1.0,-0.6,0.4
2082,15:23:21,15,F,DESCENT,765,15,N,C,32,7.2,97,1.0,-0.6,0.4
2082,15:23:21,16,F,DESCENT,765,15,N,C,32,7.2,97,1.0,-0.6,0.4
2082,15:23:21,0,F,DESCENT,765,15,N,C,32,7.2,97,1.0,-0.6,0.4
2082,15:23:21,1,F,DESCENT,765,15,N,C,32,7.2,97,1.0,-0.6,0.4
2082,15:23:21,2,F,DESCENT,765,15,N,C,32,7.2,97,1.0,-0.6,0.4
2082,15:23:21,3,F,DESCENT,765,15,N,C,32,7.2,97,1.0,-0.6,0.4
2082,15:23:21,4,F,DESCENT,765,15,N,C,32,7.2,97,1.0,-0.6,0.4
2082,15:23:21,5,F,DESCENT,765,15,N,C,32,7.2,97,1.0,-0.6,0.4
2082,15:23:21,6,F,DESCENT,765,15,N,C,32,7.2,97,1.0,-0.6,0.4
2082,15:23:21,7,F,DESCENT,765,15,N,C,32,7.2,97,1.0,-0.6,0.4
2082,15:23:21,8,F,DESCENT,765,15,N,C,32,7.2,97,1.0,-0.6,0.4
2082,15:23:21,9,F,DESCENT,765,15,N,C,32,7.2,97,1.0,-0.6,0.4
2082,15:23:21,10,F,DESCENT,765,15,N,C,32,7.2,97,1.0,-0.6,0.4
2082,15:23:21,11,F,DESCENT,765,15,N,C,32,7.2,97,1.0,-0.6,0.4
2082,15:23:21,12,F,DESCENT,765,15,N,C,32,7.2,97,1.0,-0.6,0.4
2082,15:23:21,13,F,DESCENT,765,15,N,C,32,7.2,97,1.0,-0.6,0.4
2082,15:23:21,14,F,DESCENT,765,15,N,C,32,7.2,97,1.0,-0.6,0.4
2082,15:23:21,15,F,DESCENT,765,15,N,C,32,7.2,97,1.0,-0.6,0.4
2082,15:23:21,16,F,DESCENT,765,15,N,C,32,7.2,97,1.0,-0.6,0.4
2082,15:23:21,17,F,DESCENT,765,15,N,C,32,7.2,97,1.0,-0.6,0.4
2082,15:23:21,18,F,DESCENT,765,15,N,C,32,7.2,97,1.0,-0.6,0.4
2082,15:23:21,19,F,DESCENT,765,15,N,C,32,7.2,97,1.0,-0.6,0.4
2082,15:23:21,20,F,DESCENT,765,15,N,C,32,7.2,97,1.0,-0.6,0.4
2082,15:23:21,21,F,DESCENT,765,15,N,C,32,7.2,97,1.0,-0.6,0.4
2082,15:23:21,22,F,DESCENT,765,15,N,C,32,7.2,97,1.0,-0.6,0.4
2082,15:23:21,23,F,DESCENT,765,15,N,C,32,7.2,97,1.0,-0.6,0.4
2082,15:23:21,24,F,DESCENT,765,15,N,C,32,7.2,97,1.0,-0.6,0.4
2082,15:23:21,25,F,DESCENT,765,15,N,C,32,7.2,97,1.0,-0.6,0.4
2082,15:23:21,26,F,DESCENT,765,15,N,C,32,7.2,97,1.0,-0.6,0.4
2082,15:23:21,27,F,DESCENT,765,15,N,C,32,7.2,97,1.0,-0.6,0.4
2082,15:23:21,28,F,DESCENT,765,15,N,C,32,7.2,97,1.0,-0.6,0.4
2082,15:23:21,29,F,DESCENT,765,15,N,C,32,7.2,97,1.0,-0.6,0.4
2082,15:23:21,30,F,DESCENT,765,15,N,C,32,7.2,97,1.0,-0.6,0.4
2082,15:23:21,31,F,DESCENT,765,15,N,C,32,7.2,97,1.0,-0.6,0.4
2082,15:23:21,32,F,DESCENT,765,15,N,C,32,7.2,97,1.0,-0.6,0.4
2082,15:23:21,33,F,DESCENT,765,15,N,C,32,7.2,97,1.0,-0.6,0.4
2082,15:23:21,34,F,DESCENT,765,15,N,C,32,7.2,97,1.0,-0.6,0.4
2082,15:23:21,35,F,DESCENT,765,15,N,C,32,7.2,97,1.0,-0.6,0.4
2082,15:23:21,36,F,DESCENT,765,15,N,C,32,7.2,97,1.0,-0.6,0.4
2082,15:23:21,37,F,DESCENT,765,15,N,C,32,7.2,97,1.0,-0.6,0.4
2082,15:23:21,38,F,DESCENT,765,15,N,C,32,7.2,97,1.0,-0.6,0.4
2082,15:23:21,39,F,DESCENT,765,15,N,C,32,7.2,97,1.0,-0.6,0.4
2082,15:23:21,40,F,DESCENT,765,15,N,C,32,7.2,97,1.0,-0.6,0.4
2082,15:23:21,41,F,DESCENT,765,15,N,C,32,7.2,97,1.0,-0.6,0.4
2082,15:23:21,42,F,DESCENT,765,15,N,C,32,7.2,97,1.0,-0.6,0.4
2082,15:23:21,43,F,DESCENT,765,15,N,C,32,7.2,97,1.0,-0.6,0.4
2082,15:23:21,44,F,DESCENT,765,15,N,C,32,7.2,97,1.0,-0.6,0.4
2082,15:23:21,45,F,DESCENT,765,15,N,C,32,7.2,97,1.0,-0.6,0.4
2082,15:23:21,46,F,DESCENT,765,15,N,C,32,7.2,97,1.0,-0.6,0.4
2082,15:23:21,47,F,DESCENT,765,15,N,C,32,7.2,97,1.0,-0.6,0.4
2082,15:23:21,48,F,DESCENT,765,15,N,C,32,7.2,97,1.0,-0.6,0.4
2082,15:23:21,49,F,DESCENT,765,15,N,C,32,7.2,97,1.0,-0.6,0.4
2082,15:23:21,0,F,DESCENT,765,15,N,C,32,7.2,97,1.0,-0.6,0.4
2082,15:23:21,1,F,DESCENT,765,15,N,C,32,7.2,97,1.0,-0.6,0.4
2082,15:23:21,2,F,DESCENT,765,15,N,C,32,7.2,97,1.0,-0.6,0.4
2082,15:23:21,3,F,DESCENT,765,15,N,C,32,7.2,97,1.0,-0.6,0.4
2082,15:23:21,4,F,DESCENT,765,15,N,C,32,7.2,97,1.0,-0.6,0.4
2082,15:23:21,5,F,DESCENT,765,15,N,C,32,7.2,97,1.0,-0.6,0.4
2082,15:23:21,6,F,DESCENT,765,15,N,C,32,7.2,97,1.0,-0.6,0.4
2082,15:23:21,7,F,DESCENT,765,15,N,C,32,7.2,97,1.0,-0.6,0.4
2082,15:23:21,8,F,DESCENT,765,15,N,C,32,7.2,97,1.0,-0.6,0.4
2082,15:23:21,9,F,DESCENT,765,15,N,C,32,7.2,97,1.0,-0.6,0.4
2082,15:23:21,10,F,DESCENT,765,15,N,C,32,7.2,97,1.0,-0.6,0.4
2082,15:23:21,11,F,DESCENT,765,15,N,C,32,7.2,97,1.0,-0.6,0.4
2082,15:23:21,12,F,DESCENT,765,15,N,C,32,7.2,97,1.0,-0.6,0.4
2082,15:23:21,13,F,DESCENT,765,15,N,C,32,7.2,97,1.0,-0.6,0.4
2082,15:23:21,14,F,DESCENT,765,15,N,C,32,7.2,97,1.0,-0.6,0.4
2082,15:23:21,15,F,DESCENT,765,15,N,C,32,7.2,97,1.0,-0.6,0.4
2082,15:23:21,16,F,DESCENT,765,15,N,C,32,7.2,97,1.0,-0.6,0.4
2082,15:23:21,17,F,DESCENT,765,15,N,C,32,7.2,97,1.0,-0.6,0.4
2082,15:23:21,18,F,DESCENT,765,15,N,C,32,7.2,97,1.0,-0.6,0.4
2082,15:23:21,19,F,DESCENT,765,15,N,C,32,7.2,97,1.0,-0.6,0.4
2082,15:23:21,20,F,DESCENT,765,15,N,C,32,7.2,97,1.0,-0.6,0.4
2082,15:23:21,21,F,DESCENT,765,15,N,C,32,7.2,97,1.0,-0.6,0.4
2082,15:23:21,22,F,DESCENT,765,15,N,C,32,7.2,97,1.0,-0.6,0.4
2082,15:23:21,23,F,DESCENT,765,15,N,C,32,7.2,97,1.0,-0.6,0.4
2082,15:23:21,24,F,DESCENT,765,15,N,C,32,7.2,97,1.0,-0.6,0.4
2082,15:23:21,25,F,DESCENT,765,15,N,C,32,7.2,97,1.0,-0.6,0.4
2082,15:23:21,26,F,DESCENT,765,15,N,C,32,7.2,97,1.0,-0.6,0.4
2082,15:23:21,27,F,DESCENT,765,15,N,C,32,7.2,97,1.0,-0.6,0.4
2082,15:23:21,28,F,DESCENT,765,15,N,C,32,7.2,97,1.0,-0.6,0.4
2082,15:23:21,29,F,DESCENT,765,15,N,C,32,7.2,97,1.0,-0.6,0.4
2082,15:23:21,30,F,DESCENT,765,15,N,C,32,7.2,97,1.0,-0.6,0.4
2082,15:23:21,31,F,DESCENT,765,15,N,C,32,7.2,97,1.0,-0.6,0.4
2082,15:23:21,32,F,DESCENT,765,15,N,C,32,7.2,97,1.0,-0.6,0.4
2082,15:23:21,33,F,DESCENT,765,15,N,C,32,7.2,97,1.0,-0.6,0.4
2082,15:23:21,34,F,DESCENT,765,15,N,C,32,7.2,97,1.0,-0.6,0.4
2082,15:23:21,35,F,DESCENT,765,15,N,C,32,7.2,97,1.0,-0.6,0.4
2082,15:23:21,36,F,DESCENT,765,15,N,C,32,7.2,97,1.0,-0.6,0.4
2082,15:23:21,37,F,DESCENT,765,15,N,C,32,7.2,97,1.0,-0.6,0.4
2082,15:23:21,38,F,DESCENT,765,15,N,C,32,7.2,97,1.0,-0.6,0.4
2082,15:23:21,39,F,DESCENT,765,15,N,C,32,7.2,97,1.0,-0.6,0.4
2082,15:23:21,40,F,DESCENT,765,15,N,C,32,7.2,97,1.0,-0.6,0.4
2082,15:23:21,41,F,DESCENT,765,15,N,C,32,7.2,97,1.0,-0.6,0.4
2082,15:23:21,42,F,DESCENT,765,15,N,C,32,7.2,97,1.0,-0.6,0.4
2082,15:23:21,43,F,DESCENT,765,15,N,C,32,7.2,97,1.0,-0.6,0.4
2082,15:23:21,44,F,DESCENT,765,15,N,C,32,7.2,97,1.0,-0.6,0.4
2082,15:23:21,45,F,DESCENT,765,15,N,C,32,7.2,97,1.0,-0.6,0.4
2082,15:23:21,46,F,DESCENT,765,15,N,C,32,7.2,97,1.0,-0.6,0.4
2082,15:23:21,47,F,DESCENT,765,15,N,C,32,7.2,97,1.0,-0.6,0.4
2082,15:23:21,48,F,DESCENT,765,15,N,C,32,7.2,97,1.0,-0.6,0.4
2082,15:23:21,49,F,DESCENT,765,15,N,C,32,7.2,97,1.0,-0.6,0.4
2082,15:23:21,50,F,DESCENT,765,15,N,C,32,7.2,97,1.0,-0.6,0.4
2082,15:23:21,51,F,DESCENT,765,15,N,C,32,7.2,97,1.0,-0.6,0.4
2082,15:23:21,52,F,DESCENT,765,15,N,C,32,7.2,97,1.0,-0.6,0.4
2082,15:23:21,53,F,DESCENT,765,15,N,C,32,7.2,97,1.0,-0.6,0.4
2082,15:23:21,54,F,DESCENT,765,15,N,C,32,7.2,97,1.0,-0.6,0.4
2082,15:23:21,55,F,DESCENT,765,15,N,C,32,7.2,97,1.0,-0.6,0.4
2082,15:23:21,56,F,DESCENT,765,15,N,C,32,7.2,97,1.0,-0.6,0.4
2082,15:23:21,57,F,DESCENT,765,15,N,C,32,7.2,97,1.0,-0.6,0.4
2082,15:23:21,58,F,DESCENT,765,15,N,C,32,7.2,97,1.0,-0.6,0.4
2082,15:23:21,59,F,DESCENT,765,15,N,C,32,7.2,97,1.0,-0.6,0.4
2082,15:23:21,60,F,DESCENT,765,15,N,C,32,7.2,97,1.0,-0.6,0.4
2082,15:23:21,61,F,DESCENT,765,15,N,C,32,7.2,97,1.0,-0.6,0.4
2082,15:23:21,62,F,DESCENT,765,15,N,C,32,7.2,97,1.0,-0.6,0.4
2082,15:23:21,63,F,DESCENT,765,15,N,C,32,7.2,97,1.0,-0.6,0.4
2082,15:23:21,64,F,DESCENT,765,15,N,C,32,7.2,97,1.0,-0.6,0.4
2082,15:23:21,65,F,DESCENT,765,15,N,C,32,7.2,97,1.0,-0.6,0.4
2082,15:23:21,66,F,DESCENT,765,15,N,C,32,7.2,97,1.0,-0.6,0.4
2082,15:23:21,67,F,DESCENT,765,15,N,C,32,7.2,97,1.0,-0.6,0.4
2082,15:23:21,68,F,DESCENT,765,15,N,C,32,7.2,97,1.0,-0.6,0.4
2082,15:23:21,69,F,DESCENT,765,15,N,C,32,7.2,97,1.0,-0.6,0.4
2082,15:23:21,70,F,DESCENT,765,15,N,C,32,7.2,97,1.0,-0.6,0.4
2082,15:23:21,71,F,DESCENT,765,15,N,C,32,7.2,97,1.0,-0.6,0.4
2082,15:23:21,72,F,DESCENT,765,15,N,C,32,7.2,97,1.0,-0.6,0.4
2082,15:23:21,73,F,DESCENT,765,15,N,C,32,7.2,97,1.0,-0.6,0.4
2082,15:23:21,74,F,DESCENT,765,15,N,C,32,7.2,97,1.0,-0.6,0.4
2082,15:23:21,75,F,DESCENT,765,15,N,C,32,7.2,97,1.0,-0.6,0.4
2082,15:23:21,76,F,DESCENT,765,15,N,C,32,7.2,97,1.0,-0.6,0.4
2082,15:23:21,77,F,DESCENT,765,15,N,C,32,7.2,97,1.0,-0.6,0.4
2082,15:23:21,78,F,DESCENT,765,15,N,C,32,7.2,97,1.0,-0.6,0.4
2082,15:23:21,79,F,DESCENT,765,15,N,C,32,7.2,97,1.0,-0.6,0.4
2082,15:23:21,80,F,DESCENT,765,15,N,C,32,7.2,97,1.0,-0.6,0.4
2082,15:23:21,81,F,DESCENT,765,15,N,C,32,7.2,97,1.0,-0.6,0.4
2082,15:23:21,82,F,DESCENT,765,15,N,C,32,7.2,97,1.0,-0.6,0.4
2082,15:23:21,83,F,DESCENT,765,15,N,C,32,7.2,97,1.0,-0.6,0.4
2082,15:23:21,84,F,DESCENT,765,15,N,C,32,7.2,97,1.0,-0.6,0.4
2082,15:23:21,85,F,DESCENT,765,15,N,C,32,7.2,97,1.0,-0.6,0.4
2082,15:23:21,86,F,DESCENT,765,15,N,C,32,7.2,97,1.0,-0.6,0.4
2082,15:23:21,87,F,DESCENT,765,15,N,C,32,7.2,97,1.0,-0.6,0.4
2082,15:23:21,88,F,DESCENT,765,15,N,C,32,7.2,97,1.0,-0.6,0.4
2082,15:23:21,89,F,DESCENT,765,15,N,C,32,7.2,97,1.0,-0.6,0.4
2082,15:23:21,90,F,DESCENT,765,15,N,C,32,7.2,97,1.0,-0.6,0.4
2082,15:23:21,91,F,DESCENT,765,15,N,C,32,7.2,97,1.0,-0.6,0.4
2082,15:23:21,92,F,DESCENT,765,15,N,C,32,7.2,97,1.0,-0.6,0.4
2082,15:23:21,93,F,DESCENT,765,15,N,C,32,7.2,97,1.0,-0.6,0.4
2082,15:23:21,94,F,DESCENT,765,15,N,C,32,7.2,97,1.0,-0.6,0.4
2082,15:23:21,95,F,DESCENT,765,15,N,C,32,7.2,97,1.0,-0.6,0.4
2082,15:23:21,96,F,DESCENT,765,15,N,C,32,7.2,97,1.0,-0.6,0.4
2082,15:23:21,97,F,DESCENT,765,15,N,C,32,7.2,97,1.0,-0.6,0.4
2082,15:23:21,98,F,DESCENT,765,15,N,C,32,7.2,97,1.0,-0.6,0.4
2082,15:23:21,99,F,DESCENT,765,15,N,C,32,7.2,97,1.0,-0.6,0.4
2082,15:23:21,100,F,DESCENT,765,15,N,C,32,7.2,97,1.0,-0.6,0.4
2082,15:23:21,101,F,DESCENT,765,15,N,C,32,7.2,97,1.0,-0.6,0.4
2082,15:23:21,102,F,DESCENT,765,15,N,C,32,7.2,97,1.0,-0.6,0.4
2082,15:23:21,103,F,DESCENT,765,15,N,C,32,7.2,97,1.0,-0.6,0.4
2082,15:23:21,104,F,DESCENT,765,15,N,C,32,7.2,97,1.0,-0.6,0.4
2082,15:23:21,105,F,DESCENT,765,15,N,C,32,7.2,97,1.0,-0.6,0.4
2082,15:23:21,106,F,DESCENT,765,15,N,C,32,7.2,97,1.0,-0.6,0.4
2082,15:23:21,107,F,DESCENT,765,15,N,C,32,7.2,97,1.0,-0.6,0.4
2082,15:23:21,108,F,DESCENT,765,15,N,C,32,7.2,97,1.0,-0.6,0.4
2082,15:23:21,109,F,DESCENT,765,15,N,C,32,7.2,97,1.0,-0.6,0.4
2082,15:23:21,110,F,DESCENT,765,15,N,C,32,7.2,97,1.0,-0.6,0.4
2082,15:23:21,111,F,DESCENT,765,15,N,C,32,7.2,97,1.0,-0.6,0.4
2082,15:23:21,112,F,DESCENT,765,15,N,C,32,7.2,97,1.0,-0.6,0.4
2082,15:23:21,113,F,DESCENT,765,15,N,C,32,7.2,97,1.0,-0.6,0.4
2082,15:23:21,114,F,DESCENT,765,15,N,C,32,7.2,97,1.0,-0.6,0.4
2082,15:23:21,115,F,DESCENT,765,15,N,C,32,7.2,97,1.0,-0.6,0.4
2082,15:23:21,116,F,DESCENT,765,15,N,C,32,7.2,97,1.0,-0.6,0.4
2082,15:23:21,117,F,DESCENT,765,15,N,C,32,7.2,97,1.0,-0.6,0.4
2082,15:23:21,118,F,DESCENT,765,15,N,C,32,7.2,97,1.0,-0.6,0.4
2082,15:23:21,119,F,DESCENT,765,15,N,C,32,7.2,97,1.0,-0.6,0.4
2082,15:23:21,120,F,DESCENT,765,15,N,C,32,7.2,97,1.0,-0.6,0.4
2082,15:23:21,121,F,DESCENT,765,15,N,C,32,7.2,97,1.0,-0.6,0.4
2082,15:23:21,122,F,DESCENT,765,15,N,C,32,7.2,97,1.0,-0.6,0.4
2082,15:23:21,123,F,DESCENT,765,15,N,C,32,7.2,97,1.0,-0.6,0.4
2082,15:23:21,124,F,DESCENT,765,15,N,C,32,7.2,97,1.0,-0.6,0.4
2082,15:23:21,125,F,DESCENT,765,15,N,C,32,7.2,97,1.0,-0.6,0.4
2082,15:23:21,126,F,DESCENT,765,15,N,C,32,7.2,97,1.0,-0.6,0.4
2082,15:23:21,127,F,DESCENT,765,15,N,C,32,7.2,97,1.0,-0.6,0.4
2082,15:23:21,128,F,DESCENT,765,15,N,C,32,7.2,97,1.0,-0.6,0.4
2082,15:23:21,129,F,DESCENT,765,15,N,C,32,7.2,97,1.0,-0.6,0.4
2082,15:23:21,130,F,DESCENT,765,15,N,C,32,7.2,97,1.0,-0.6,0.4
2082,15:23:21,131,F,DESCENT,765,15,N,C,32,7.2,97,1.0,-0.6,0.4
2082,15:23:21,132,F,DESCENT,765,15,N,C,32,7.2,97,1.0,-0.6,0.4
2082,15:23:21,133,F,DESCENT,765,15,N,C,32,7.2,97,1.0,-0.6,0.4
2082,15:23:21,134,F,DESCENT,765,15,N,C,32,7.2,97,1.0,-0.6,0.4
2082,15:23:21,135,F,DESCENT,765,15,N,C,32,7.2,97,1.0,-0.6,0.4
2082,15:23:21,136,F,DESCENT,765,15,N,C,32,7.2,97,1.0,-0.6,0.4
2082,15:23:21,137,F,DESCENT,765,15,N,C,32,7.2,97,1.0,-0.6,0.4
2082,15:23:21,138,F,DESCENT,765,15,N,C,32,7.2,97,1.0,-0.6,0.4
2082,15:23:21,139,F,DESCENT,765,15,N,C,32,7.2,97,1.0,-0.6,0.4
2082,15:23:21,140,F,DESCENT,765,15,N,C,32,7.2,97,1.0,-0.6,0.4
2082,15:23:21,141,F,DESCENT,765,15,N,C,32,7.2,97,1.0,-0.6,0.4
2082,15:23:21,142,F,DESCENT,765,15,N,C,32,7.2,97,1.0,-0.6,0.4
2082,15:23:21,143,F,DESCENT,765,15,N,C,32,7.2,97,1.0,-0.6,0.4
2082,15:23:21,144,F,DESCENT,765,15,N,C,32,7.2,97,1.0,-0.6,0.4
2082,15:23:21,145,F,DESCENT,765,15,N,C,32,7.2,97,1.0,-0.6,0.4
2082,15:23:21,146,F,DESCENT,765,15,N,C,32,7.2,97,1.0,-0.6,0.4
2082,15:23:21,147,F,DESCENT,765,15,N,C,32,7.2,97,1.0,-0.6,0.4
2082,15:23:21,148,F,DESCENT,765,15,N,C,32,7.2,97,1.0,-0.6,0.4
2082,15:23:21,149,F,DESCENT,765,15,N,C,32,7.2,97,1.0,-0.6,0.4
2082,15:23:21,150,F,DESCENT,765,15,N,C,32,7.2,97,1.0,-0.6,0.4
2082,15:23:21,151,F,DESCENT,765,15,N,C,32,7.2,97,1.0,-0.6,0.4
2082,15:23:21,152,F,DESCENT,765,15,N,C,32,7.2,97,1.0,-0.6,0.4
2082,15:23:21,153,F,DESCENT,765,15,N,C,32,7.2,97,1.0,-0.6,0.4
2082,15:23:21,154,F,DESCENT,765,15,N,C,32,7.2,97,1.0,-0.6,0.4
2082,15:23:21,155,F,DESCENT,765,15,N,C,32,7.2,97,1.0,-0.6,0.4
2082,15:23:21,156,F,DESCENT,765,15,N,C,32,7.2,97,1.0,-0.6,0.4
2082,15:23:21,157,F,DESCENT,765,15,N,C,32,7.2,97,1.0,-0.6,0.4
2082,15:23:21,158,F,DESCENT,765,15,N,C,32,7.2,97,1.0,-0.6,0.4
2082,15:23:21,159,F,DESCENT,765,15,N,C,32,7.2,97,1.0,-0.6,0.4
2082,15:23:21,160,F,DESCENT,765,15,N,C,32,7.2,97,1.0,-0.6,0.4
2082,15:23:21,161,F,DESCENT,765,15,N,C,32,7.2,97,1.0,-0.6,0.4
2082,15:23:21,162,F,DESCENT,765,15,N,C,32,7.2,97,1.0,-0.6,0.4
2082,15:23:21,163,F,DESCENT,765,15,N,C,32,7.2,97,1.0,-0.6,0.4
2082,15:23:21,164,F,DESCENT,765,15,N,C,32,7.2,97,1.0,-0.6,0.4
2082,15:23:21,165,F,DESCENT,765,15,N,C,32,7.2,97,1.0,-0.6,0.4
2082,15:23:21,166,F,DESCENT,765,15,N,C,32,7.2,97,1.0,-0.6,0.4
2082,15:23:21,167,F,DESCENT,765,15,N,C,32,7.2,97,1.0,-0.6,0.4
2082,15:23:21,168,F,DESCENT,765,15,N,C,32,7.2,97,1.0,-0.6,0.4
2082,15:23:21,169,F,DESCENT,765,15,N,C,32,7.2,97,1.0,-0.6,0.4
2082,15:23:21,170,F,DESCENT,765,15,N,C,32,7.2,97,1.0,-0.6,0.4
2082,15:23:21,171,F,DESCENT,765,15,N,C,32,7.2,97,1.0,-0.6,0.4
2082,15:23:21,172,F,DESCENT,765,15,N,C,32,7.2,97,1.0,-0.6,0.4
2082,15:23:21,173,F,DESCENT,765,15,N,C,32,7.2,97,1.0,-0.6,0.4
2082,15:23:21,1,F,DESCENT,765,15,N,C,32,7.2,97,1.0,-0.6,0.4
2082,15:23:21,2,F,DESCENT,765,15,N,C,32,7.2,97,1.0,-0.6,0.4
2082,15:23:21,3,F,DESCENT,765,15,N,C,32,7.2,97,1.0,-0.6,0.4
2082,15:23:21,4,F,DESCENT,765,15,N,C,32,7.2,97,1.0,-0.6,0.4
T2082,15:23:21,0,F,DESCENT,765,15,N,C,32,7.2,97,1.0,-0.6,0.4
2082,15:23:21,1,F,DESCENT,765,15,N,C,32,7.2,97,1.0,-0.6,0.4
2082,15:23:21,2,F,DESCENT,765,15,N,C,32,7.2,97,1.0,-0.6,0.4
2082,15:23:21,3,F,DESCENT,765,15,N,C,32,7.2,97,1.0,-0.6,0.4
2082,15:23:21,4,F,DESCENT,765,15,N,C,32,7.2,97,1.0,-0.6,0.4
2082,15:23:21,5,F,DESCENT,765,15,N,C,32,7.2,97,1.0,-0.6,0.4
2082,15:23:21,6,F,DESCENT,765,15,N,C,32,7.2,97,1.0,-0.6,0.4
2082,15:23:21,7,F,DESCENT,765,15,N,C,32,7.2,97,1.0,-0.6,0.4
2082,15:23:21,8,F,DESCENT,765,15,N,C,32,7.2,97,1.0,-0.6,0.4
2082,15:23:21,9,F,DESCENT,765,15,N,C,32,7.2,97,1.0,-0.6,0.4
2082,15:23:21,10,F,DESCENT,765,15,N,C,32,7.2,97,1.0,-0.6,0.4
2082,15:23:21,11,F,DESCENT,765,15,N,C,32,7.2,97,1.0,-0.6,0.4
2082,15:23:21,12,F,DESCENT,765,15,N,C,32,7.2,97,1.0,-0.6,0.4
2082,15:23:21,13,F,DESCENT,765,15,N,C,32,7.2,97,1.0,-0.6,0.4
2082,15:23:21,14,F,DESCENT,765,15,N,C,32,7.2,97,1.0,-0.6,0.4
2082,15:23:21,15,F,DESCENT,765,15,N,C,32,7.2,97,1.0,-0.6,0.4
2082,15:23:21,16,F,DESCENT,765,15,N,C,32,7.2,97,1.0,-0.6,0.4
2082,15:23:21,17,F,DESCENT,765,15,N,C,32,7.2,97,1.0,-0.6,0.4
2082,15:23:21,18,F,DESCENT,765,15,N,C,32,7.2,97,1.0,-0.6,0.4
2082,15:23:21,19,F,DESCENT,765,15,N,C,32,7.2,97,1.0,-0.6,0.4
2082,15:23:21,20,F,DESCENT,765,15,N,C,32,7.2,97,1.0,-0.6,0.4
2082,15:23:21,21,F,DESCENT,765,15,N,C,32,7.2,97,1.0,-0.6,0.4
2082,15:23:21,22,F,DESCENT,765,15,N,C,32,7.2,97,1.0,-0.6,0.4
2082,15:23:21,23,F,DESCENT,765,15,N,C,32,7.2,97,1.0,-0.6,0.4
2082,15:23:21,24,F,DESCENT,765,15,N,C,32,7.2,97,1.0,-0.6,0.4
2082,15:23:21,25,F,DESCENT,765,15,N,C,32,7.2,97,1.0,-0.6,0.4
2082,15:23:21,26,F,DESCENT,765,15,N,C,32,7.2,97,1.0,-0.6,0.4
2082,15:23:21,27,F,DESCENT,765,15,N,C,32,7.2,97,1.0,-0.6,0.4
2082,15:23:21,28,F,DESCENT,765,15,N,C,32,7.2,97,1.0,-0.6,0.4
2082,15:23:21,29,F,DESCENT,765,15,N,C,32,7.2,97,1.0,-0.6,0.4
2082,15:23:21,30,F,DESCENT,765,15,N,C,32,7.2,97,1.0,-0.6,0.4
2082,15:23:21,31,F,DESCENT,765,15,N,C,32,7.2,97,1.0,-0.6,0.4
2082,15:23:21,32,F,DESCENT,765,15,N,C,32,7.2,97,1.0,-0.6,0.4
2082,15:23:21,33,F,DESCENT,765,15,N,C,32,7.2,97,1.0,-0.6,0.4
2082,15:23:21,34,F,DESCENT,765,15,N,C,32,7.2,97,1.0,-0.6,0.4
2082,15:23:21,35,F,DESCENT,765,15,N,C,32,7.2,97,1.0,-0.6,0.4
2082,15:23:21,36,F,DESCENT,765,15,N,C,32,7.2,97,1.0,-0.6,0.4
2082,15:23:21,37,F,DESCENT,765,15,N,C,32,7.2,97,1.0,-0.6,0.4
2082,15:23:21,38,F,DESCENT,765,15,N,C,32,7.2,97,1.0,-0.6,0.4
2082,15:23:21,39,F,DESCENT,765,15,N,C,32,7.2,97,1.0,-0.6,0.4
2082,15:23:21,40,F,DESCENT,765,15,N,C,32,7.2,97,1.0,-0.6,0.4
2082,15:23:21,41,F,DESCENT,765,15,N,C,32,7.2,97,1.0,-0.6,0.4
2082,15:23:21,42,F,DESCENT,765,15,N,C,32,7.2,97,1.0,-0.6,0.4
2082,15:23:21,43,F,DESCENT,765,15,N,C,32,7.2,97,1.0,-0.6,0.4
2082,15:23:21,44,F,DESCENT,765,15,N,C,32,7.2,97,1.0,-0.6,0.4
2082,15:23:21,45,F,DESCENT,765,15,N,C,32,7.2,97,1.0,-0.6,0.4
2082,15:23:21,46,F,DESCENT,765,15,N,C,32,7.2,97,1.0,-0.6,0.4
2082,15:23:21,47,F,DESCENT,765,15,N,C,32,7.2,97,1.0,-0.6,0.4
2082,15:23:21,48,F,DESCENT,765,15,N,C,32,7.2,97,1.0,-0.6,0.4
2082,15:23:21,49,F,DESCENT,765,15,N,C,32,7.2,97,1.0,-0.6,0.4
2082,15:23:21,50,F,DESCENT,765,15,N,C,32,7.2,97,1.0,-0.6,0.4
2082,15:23:21,51,F,DESCENT,765,15,N,C,32,7.2,97,1.0,-0.6,0.4
2082,15:23:21,52,F,DESCENT,765,15,N,C,32,7.2,97,1.0,-0.6,0.4
2082,15:23:21,53,F,DESCENT,765,15,N,C,32,7.2,97,1.0,-0.6,0.4
2082,15:23:21,54,F,DESCENT,765,15,N,C,32,7.2,97,1.0,-0.6,0.4
2082,15:23:21,55,F,DESCENT,765,15,N,C,32,7.2,97,1.0,-0.6,0.4
2082,15:23:21,56,F,DESCENT,765,15,N,C,32,7.2,97,1.0,-0.6,0.4
2082,15:23:21,57,F,DESCENT,765,15,N,C,32,7.2,97,1.0,-0.6,0.4
2082,15:23:21,58,F,DESCENT,765,15,N,C,32,7.2,97,1.0,-0.6,0.4
2082,15:23:21,59,F,DESCENT,765,15,N,C,32,7.2,97,1.0,-0.6,0.4
2082,15:23:21,60,F,DESCENT,765,15,N,C,32,7.2,97,1.0,-0.6,0.4
2082,15:23:21,61,F,DESCENT,765,15,N,C,32,7.2,97,1.0,-0.6,0.4
2082,15:23:21,62,F,DESCENT,765,15,N,C,32,7.2,97,1.0,-0.6,0.4
2082,15:23:21,63,F,DESCENT,765,15,N,C,32,7.2,97,1.0,-0.6,0.4
2082,15:23:21,64,F,DESCENT,765,15,N,C,32,7.2,97,1.0,-0.6,0.4
2082,15:23:21,65,F,DESCENT,765,15,N,C,32,7.2,97,1.0,-0.6,0.4
2082,15:23:21,66,F,DESCENT,765,15,N,C,32,7.2,97,1.0,-0.6,0.4
2082,15:23:21,67,F,DESCENT,765,15,N,C,32,7.2,97,1.0,-0.6,0.4
2082,15:23:21,68,F,DESCENT,765,15,N,C,32,7.2,97,1.0,-0.6,0.4
2082,15:23:21,69,F,DESCENT,765,15,N,C,32,7.2,97,1.0,-0.6,0.4
2082,15:23:21,70,F,DESCENT,765,15,N,C,32,7.2,97,1.0,-0.6,0.4
2082,15:23:21,71,F,DESCENT,765,15,N,C,32,7.2,97,1.0,-0.6,0.4
2082,15:23:21,72,F,DESCENT,765,15,N,C,32,7.2,97,1.0,-0.6,0.4
2082,15:23:21,73,F,DESCENT,765,15,N,C,32,7.2,97,1.0,-0.6,0.4
2082,15:23:21,74,F,DESCENT,765,15,N,C,32,7.2,97,1.0,-0.6,0.4
2082,15:23:21,75,F,DESCENT,765,15,N,C,32,7.2,97,1.0,-0.6,0.4
2082,15:23:21,76,F,DESCENT,765,15,N,C,32,7.2,97,1.0,-0.6,0.4
2082,15:23:21,77,F,DESCENT,765,15,N,C,32,7.2,97,1.0,-0.6,0.4
2082,15:23:21,78,F,DESCENT,765,15,N,C,32,7.2,97,1.0,-0.6,0.4
2082,15:23:21,79,F,DESCENT,765,15,N,C,32,7.2,97,1.0,-0.6,0.4
2082,15:23:21,80,F,DESCENT,765,15,N,C,32,7.2,97,1.0,-0.6,0.4
2082,15:23:21,81,F,DESCENT,765,15,N,C,32,7.2,97,1.0,-0.6,0.4
2082,15:23:21,82,F,DESCENT,765,15,N,C,32,7.2,97,1.0,-0.6,0.4
2082,15:23:21,83,F,DESCENT,765,15,N,C,32,7.2,97,1.0,-0.6,0.4
2082,15:23:21,84,F,DESCENT,765,15,N,C,32,7.2,97,1.0,-0.6,0.4
2082,15:23:21,85,F,DESCENT,765,15,N,C,32,7.2,97,1.0,-0.6,0.4
2082,15:23:21,86,F,DESCENT,765,15,N,C,32,7.2,97,1.0,-0.6,0.4
2082,15:23:21,87,F,DESCENT,765,15,N,C,32,7.2,97,1.0,-0.6,0.4
2082,15:23:21,88,F,DESCENT,765,15,N,C,32,7.2,97,1.0,-0.6,0.4
2082,15:23:21,89,F,DESCENT,765,15,N,C,32,7.2,97,1.0,-0.6,0.4
2082,15:23:21,90,F,DESCENT,765,15,N,C,32,7.2,97,1.0,-0.6,0.4
2082,15:23:21,91,F,DESCENT,765,15,N,C,32,7.2,97,1.0,-0.6,0.4
2082,15:23:21,92,F,DESCENT,765,15,N,C,32,7.2,97,1.0,-0.6,0.4
2082,15:23:21,93,F,DESCENT,765,15,N,C,32,7.2,97,1.0,-0.6,0.4
2082,15:23:21,94,F,DESCENT,765,15,N,C,32,7.2,97,1.0,-0.6,0.4
2082,15:23:21,95,F,DESCENT,765,15,N,C,32,7.2,97,1.0,-0.6,0.4
2082,15:23:21,96,F,DESCENT,765,15,N,C,32,7.2,97,1.0,-0.6,0.4
2082,15:23:21,97,F,DESCENT,765,15,N,C,32,7.2,97,1.0,-0.6,0.4
2082,15:23:21,98,F,DESCENT,765,15,N,C,32,7.2,97,1.0,-0.6,0.4
2082,15:23:21,99,F,DESCENT,765,15,N,C,32,7.2,97,1.0,-0.6,0.4
2082,15:23:21,100,F,DESCENT,765,15,N,C,32,7.2,97,1.0,-0.6,0.4
2082,15:23:21,101,F,DESCENT,765,15,N,C,32,7.2,97,1.0,-0.6,0.4
2082,15:23:21,102,F,DESCENT,765,15,N,C,32,7.2,97,1.0,-0.6,0.4
2082,15:23:21,103,F,DESCENT,765,15,N,C,32,7.2,97,1.0,-0.6,0.4
2082,15:23:21,104,F,DESCENT,765,15,N,C,32,7.2,97,1.0,-0.6,0.4
2082,15:23:21,105,F,DESCENT,765,15,N,C,32,7.2,97,1.0,-0.6,0.4
2082,15:23:21,106,F,DESCENT,765,15,N,C,32,7.2,97,1.0,-0.6,0.4
2082,15:23:21,107,F,DESCENT,765,15,N,C,32,7.2,97,1.0,-0.6,0.4
2082,15:23:21,108,F,DESCENT,765,15,N,C,32,7.2,97,1.0,-0.6,0.4
2082,15:23:21,109,F,DESCENT,765,15,N,C,32,7.2,97,1.0,-0.6,0.4
2082,15:23:21,110,F,DESCENT,765,15,N,C,32,7.2,97,1.0,-0.6,0.4
2082,15:23:21,111,F,DESCENT,765,15,N,C,32,7.2,97,1.0,-0.6,0.4
2082,15:23:21,112,F,DESCENT,765,15,N,C,32,7.2,97,1.0,-0.6,0.4
2082,15:23:21,113,F,DESCENT,765,15,N,C,32,7.2,97,1.0,-0.6,0.4
2082,15:23:21,114,F,DESCENT,765,15,N,C,32,7.2,97,1.0,-0.6,0.4
2082,15:23:21,115,F,DESCENT,765,15,N,C,32,7.2,97,1.0,-0.6,0.4
2082,15:23:21,116,F,DESCENT,765,15,N,C,32,7.2,97,1.0,-0.6,0.4
2082,15:23:21,117,F,DESCENT,765,15,N,C,32,7.2,97,1.0,-0.6,0.4
2082,15:23:21,118,F,DESCENT,765,15,N,C,32,7.2,97,1.0,-0.6,0.4
2082,15:23:21,119,F,DESCENT,765,15,N,C,32,7.2,97,1.0,-0.6,0.4
2082,15:23:21,120,F,DESCENT,765,15,N,C,32,7.2,97,1.0,-0.6,0.4
2082,15:23:21,121,F,DESCENT,765,15,N,C,32,7.2,97,1.0,-0.6,0.4
2082,15:23:21,122,F,DESCENT,765,15,N,C,32,7.2,97,1.0,-0.6,0.4
2082,15:23:21,123,F,DESCENT,765,15,N,C,32,7.2,97,1.0,-0.6,0.4
2082,15:23:21,124,F,DESCENT,765,15,N,C,32,7.2,97,1.0,-0.6,0.4
2082,15:23:21,125,F,DESCENT,765,15,N,C,32,7.2,97,1.0,-0.6,0.4
2082,15:23:21,126,F,DESCENT,765,15,N,C,32,7.2,97,1.0,-0.6,0.4
2082,15:23:21,127,F,DESCENT,765,15,N,C,32,7.2,97,1.0,-0.6,0.4
2082,15:23:21,128,F,DESCENT,765,15,N,C,32,7.2,97,1.0,-0.6,0.4
2082,15:23:21,129,F,DESCENT,765,15,N,C,32,7.2,97,1.0,-0.6,0.4
2082,15:23:21,130,F,DESCENT,765,15,N,C,32,7.2,97,1.0,-0.6,0.4
2082,15:23:21,131,F,DESCENT,765,15,N,C,32,7.2,97,1.0,-0.6,0.4
2082,15:23:21,132,F,DESCENT,765,15,N,C,32,7.2,97,1.0,-0.6,0.4
2082,15:23:21,133,F,DESCENT,765,15,N,C,32,7.2,97,1.0,-0.6,0.4
2082,15:23:21,134,F,DESCENT,765,15,N,C,32,7.2,97,1.0,-0.6,0.4
2082,15:23:21,135,F,DESCENT,765,15,N,C,32,7.2,97,1.0,-0.6,0.4
2082,15:23:21,136,F,DESCENT,765,15,N,C,32,7.2,97,1.0,-0.6,0.4
2082,15:23:21,137,F,DESCENT,765,15,N,C,32,7.2,97,1.0,-0.6,0.4
2082,15:23:21,138,F,DESCENT,765,15,N,C,32,7.2,97,1.0,-0.6,0.4
2082,15:23:21,139,F,DESCENT,765,15,N,C,32,7.2,97,1.0,-0.6,0.4
2082,15:23:21,140,F,DESCENT,765,15,N,C,32,7.2,97,1.0,-0.6,0.4
2082,15:23:21,141,F,DESCENT,765,15,N,C,32,7.2,97,1.0,-0.6,0.4
2082,15:23:21,142,F,DESCENT,765,15,N,C,32,7.2,97,1.0,-0.6,0.4
2082,15:23:21,143,F,DESCENT,765,15,N,C,32,7.2,97,1.0,-0.6,0.4
2082,15:23:21,144,F,DESCENT,765,15,N,C,32,7.2,97,1.0,-0.6,0.4
2082,15:23:21,145,F,DESCENT,765,15,N,C,32,7.2,97,1.0,-0.6,0.4
2082,15:23:21,146,F,DESCENT,765,15,N,C,32,7.2,97,1.0,-0.6,0.4
2082,15:23:21,147,F,DESCENT,765,15,N,C,32,7.2,97,1.0,-0.6,0.4
2082,15:23:21,148,F,DESCENT,765,15,N,C,32,7.2,97,1.0,-0.6,0.4
2082,15:23:21,149,F,DESCENT,765,15,N,C,32,7.2,97,1.0,-0.6,0.4
2082,15:23:21,150,F,DESCENT,765,15,N,C,32,7.2,97,1.0,-0.6,0.4
2082,15:23:21,151,F,DESCENT,765,15,N,C,32,7.2,97,1.0,-0.6,0.4
2082,15:23:21,152,F,DESCENT,765,15,N,C,32,7.2,97,1.0,-0.6,0.4
2082,15:23:21,153,F,DESCENT,765,15,N,C,32,7.2,97,1.0,-0.6,0.4
2082,15:23:21,154,F,DESCENT,765,15,N,C,32,7.2,97,1.0,-0.6,0.4
2082,15:23:21,155,F,DESCENT,765,15,N,C,32,7.2,97,1.0,-0.6,0.4
2082,15:23:21,156,F,DESCENT,765,15,N,C,32,7.2,97,1.0,-0.6,0.4
2082,15:23:21,157,F,DESCENT,765,15,N,C,32,7.2,97,1.0,-0.6,0.4
2082,15:23:21,158,F,DESCENT,765,15,N,C,32,7.2,97,1.0,-0.6,0.4
2082,15:23:21,159,F,DESCENT,765,15,N,C,32,7.2,97,1.0,-0.6,0.4
2082,15:23:21,160,F,DESCENT,765,15,N,C,32,7.2,97,1.0,-0.6,0.4
2082,15:23:21,161,F,DESCENT,765,15,N,C,32,7.2,97,1.0,-0.6,0.4
2082,15:23:21,162,F,DESCENT,765,15,N,C,32,7.2,97,1.0,-0.6,0.4
2082,15:23:21,163,F,DESCENT,765,15,N,C,32,7.2,97,1.0,-0.6,0.4
2082,15:23:21,164,F,DESCENT,765,15,N,C,32,7.2,97,1.0,-0.6,0.4
2082,15:23:21,165,F,DESCENT,765,15,N,C,32,7.2,97,1.0,-0.6,0.4
2082,15:23:21,166,F,DESCENT,765,15,N,C,32,7.2,97,1.0,-0.6,0.4
2082,15:23:21,167,F,DESCENT,765,15,N,C,32,7.2,97,1.0,-0.6,0.4
2082,15:23:21,168,F,DESCENT,765,15,N,C,32,7.2,97,1.0,-0.6,0.4
2082,15:23:21,169,F,DESCENT,765,15,N,C,32,7.2,97,1.0,-0.6,0.4
2082,15:23:21,170,F,DESCENT,765,15,N,C,32,7.2,97,1.0,-0.6,0.4
2082,15:23:21,171,F,DESCENT,765,15,N,C,32,7.2,97,1.0,-0.6,0.4
2082,15:23:21,172,F,DESCENT,765,15,N,C,32,7.2,97,1.0,-0.6,0.4
2082,15:23:21,173,F,DESCENT,765,15,N,C,32,7.2,97,1.0,-0.6,0.4
2082,15:23:21,174,F,DESCENT,765,15,N,C,32,7.2,97,1.0,-0.6,0.4
2082,15:23:21,175,F,DESCENT,765,15,N,C,32,7.2,97,1.0,-0.6,0.4
2082,15:23:21,176,F,DESCENT,765,15,N,C,32,7.2,97,1.0,-0.6,0.4
2082,15:23:21,177,F,DESCENT,765,15,N,C,32,7.2,97,1.0,-0.6,0.4
2082,15:23:21,178,F,DESCENT,765,15,N,C,32,7.2,97,1.0,-0.6,0.4
2082,15:23:21,179,F,DESCENT,765,15,N,C,32,7.2,97,1.0,-0.6,0.4
2082,15:23:21,180,F,DESCENT,765,15,N,C,32,7.2,97,1.0,-0.6,0.4
2082,15:23:21,181,F,DESCENT,765,15,N,C,32,7.2,97,1.0,-0.6,0.4
2082,15:23:21,182,F,DESCENT,765,15,N,C,32,7.2,97,1.0,-0.6,0.4
2082,15:23:21,183,F,DESCENT,765,15,N,C,32,7.2,97,1.0,-0.6,0.4
2082,15:23:21,184,F,DESCENT,765,15,N,C,32,7.2,97,1.0,-0.6,0.4
2082,15:23:21,185,F,DESCENT,765,15,N,C,32,7.2,97,1.0,-0.6,0.4
2082,15:23:21,186,F,DESCENT,765,15,N,C,32,7.2,97,1.0,-0.6,0.4
2082,15:23:21,187,F,DESCENT,765,15,N,C,32,7.2,97,1.0,-0.6,0.4
2082,15:23:21,188,F,DESCENT,765,15,N,C,32,7.2,97,1.0,-0.6,0.4
2082,15:23:21,189,F,DESCENT,765,15,N,C,32,7.2,97,1.0,-0.6,0.4
2082,15:23:21,190,F,DESCENT,765,15,N,C,32,7.2,97,1.0,-0.6,0.4
2082,15:23:21,191,F,DESCENT,765,15,N,C,32,7.2,97,1.0,-0.6,0.4
2082,15:23:21,192,F,DESCENT,765,15,N,C,32,7.2,97,1.0,-0.6,0.4
2082,15:23:21,193,F,DESCENT,765,15,N,C,32,7.2,97,1.0,-0.6,0.4
2082,15:23:21,194,F,DESCENT,765,15,N,C,32,7.2,97,1.0,-0.6,0.4
2082,15:23:21,195,F,DESCENT,765,15,N,C,32,7.2,97,1.0,-0.6,0.4
2082,15:23:21,196,F,DESCENT,765,15,N,C,32,7.2,97,1.0,-0.6,0.4
2082,15:23:21,197,F,DESCENT,765,15,N,C,32,7.2,97,1.0,-0.6,0.4
2082,15:23:21,198,F,DESCENT,765,15,N,C,32,7.2,97,1.0,-0.6,0.4
2082,15:23:21,199,F,DESCENT,765,15,N,C,32,7.2,97,1.0,-0.6,0.4
2082,15:23:21,200,F,DESCENT,765,15,N,C,32,7.2,97,1.0,-0.6,0.4
2082,15:23:21,201,F,DESCENT,765,15,N,C,32,7.2,97,1.0,-0.6,0.4
2082,15:23:21,202,F,DESCENT,765,15,N,C,32,7.2,97,1.0,-0.6,0.4
2082,15:23:21,203,F,DESCENT,765,15,N,C,32,7.2,97,1.0,-0.6,0.4
2082,15:23:21,204,F,DESCENT,765,15,N,C,32,7.2,97,1.0,-0.6,0.4
2082,15:23:21,205,F,DESCENT,765,15,N,C,32,7.2,97,1.0,-0.6,0.4
2082,15:23:21,206,F,DESCENT,765,15,N,C,32,7.2,97,1.0,-0.6,0.4
2082,15:23:21,207,F,DESCENT,765,15,N,C,32,7.2,97,1.0,-0.6,0.4
2082,15:23:21,208,F,DESCENT,765,15,N,C,32,7.2,97,1.0,-0.6,0.4
2082,15:23:21,209,F,DESCENT,765,15,N,C,32,7.2,97,1.0,-0.6,0.4
2082,15:23:21,210,F,DESCENT,765,15,N,C,32,7.2,97,1.0,-0.6,0.4
2082,15:23:21,211,F,DESCENT,765,15,N,C,32,7.2,97,1.0,-0.6,0.4
2082,15:23:21,212,F,DESCENT,765,15,N,C,32,7.2,97,1.0,-0.6,0.4
2082,15:23:21,213,F,DESCENT,765,15,N,C,32,7.2,97,1.0,-0.6,0.4
2082,15:23:21,214,F,DESCENT,765,15,N,C,32,7.2,97,1.0,-0.6,0.4
2082,15:23:21,215,F,DESCENT,765,15,N,C,32,7.2,97,1.0,-0.6,0.4
2082,15:23:21,216,F,DESCENT,765,15,N,C,32,7.2,97,1.0,-0.6,0.4
2082,15:23:21,217,F,DESCENT,765,15,N,C,32,7.2,97,1.0,-0.6,0.4
2082,15:23:21,218,F,DESCENT,765,15,N,C,32,7.2,97,1.0,-0.6,0.4
2082,15:23:21,219,F,DESCENT,765,15,N,C,32,7.2,97,1.0,-0.6,0.4
2082,15:23:21,220,F,DESCENT,765,15,N,C,32,7.2,97,1.0,-0.6,0.4
2082,15:23:21,221,F,DESCENT,765,15,N,C,32,7.2,97,1.0,-0.6,0.4
2082,15:23:21,222,F,DESCENT,765,15,N,C,32,7.2,97,1.0,-0.6,0.4
2082,15:23:21,223,F,DESCENT,765,15,N,C,32,7.2,97,1.0,-0.6,0.4
2082,15:23:21,224,F,DESCENT,765,15,N,C,32,7.2,97,1.0,-0.6,0.4
2082,15:23:21,225,F,DESCENT,765,15,N,C,32,7.2,97,1.0,-0.6,0.4
2082,15:23:21,226,F,DESCENT,765,15,N,C,32,7.2,97,1.0,-0.6,0.4
2082,15:23:21,227,F,DESCENT,765,15,N,C,32,7.2,97,1.0,-0.6,0.4
2082,15:23:21,228,F,DESCENT,765,15,N,C,32,7.2,97,1.0,-0.6,0.4
2082,15:23:21,229,F,DESCENT,765,15,N,C,32,7.2,97,1.0,-0.6,0.4
2082,15:23:21,230,F,DESCENT,765,15,N,C,32,7.2,97,1.0,-0.6,0.4
2082,15:23:21,231,F,DESCENT,765,15,N,C,32,7.2,97,1.0,-0.6,0.4
2082,15:23:21,232,F,DESCENT,765,15,N,C,32,7.2,97,1.0,-0.6,0.4
2082,15:23:21,233,F,DESCENT,765,15,N,C,32,7.2,97,1.0,-0.6,0.4
2082,15:23:21,234,F,DESCENT,765,15,N,C,32,7.2,97,1.0,-0.6,0.4
2082,15:23:21,235,F,DESCENT,765,15,N,C,32,7.2,97,1.0,-0.6,0.4
2082,15:23:21,236,F,DESCENT,765,15,N,C,32,7.2,97,1.0,-0.6,0.4
2082,15:23:21,237,F,DESCENT,765,15,N,C,32,7.2,97,1.0,-0.6,0.4
2082,15:23:21,238,F,DESCENT,765,15,N,C,32,7.2,97,1.0,-0.6,0.4
2082,15:23:21,239,F,DESCENT,765,15,N,C,32,7.2,97,1.0,-0.6,0.4
2082,15:23:21,240,F,DESCENT,765,15,N,C,32,7.2,97,1.0,-0.6,0.4
2082,15:23:21,241,F,DESCENT,765,15,N,C,32,7.2,97,1.0,-0.6,0.4
2082,15:23:21,0,F,DESCENT,765,15,N,C,32,7.2,97,1.0,-0.6,0.4
2082,15:23:21,1,F,DESCENT,765,15,N,C,32,7.2,97,1.0,-0.6,0.4
2082,15:23:21,2,F,DESCENT,765,15,N,C,32,7.2,97,1.0,-0.6,0.4
2082,15:23:21,3,F,DESCENT,765,15,N,C,32,7.2,97,1.0,-0.6,0.4
2082,15:23:21,4,F,DESCENT,765,15,N,C,32,7.2,97,1.0,-0.6,0.4
2082,15:23:21,5,F,DESCENT,765,15,N,C,32,7.2,97,1.0,-0.6,0.4
2082,15:23:21,6,F,DESCENT,765,15,N,C,32,7.2,97,1.0,-0.6,0.4
2082,15:23:21,7,F,DESCENT,765,15,N,C,32,7.2,97,1.0,-0.6,0.4
2082,15:23:21,8,F,DESCENT,765,15,N,C,32,7.2,97,1.0,-0.6,0.4
2082,15:23:21,9,F,DESCENT,765,15,N,C,32,7.2,97,1.0,-0.6,0.4
2082,15:23:21,10,F,DESCENT,765,15,N,C,32,7.2,97,1.0,-0.6,0.4
2082,15:23:21,11,F,DESCENT,765,15,N,C,32,7.2,97,1.0,-0.6,0.4
2082,15:23:21,12,F,DESCENT,765,15,N,C,32,7.2,97,1.0,-0.6,0.4
2082,15:23:21,13,F,DESCENT,765,15,N,C,32,7.2,97,1.0,-0.6,0.4
2082,15:23:21,14,F,DESCENT,765,15,N,C,32,7.2,97,1.0,-0.6,0.4
2082,15:23:21,15,F,DESCENT,765,15,N,C,32,7.2,97,1.0,-0.6,0.4
2082,15:23:21,16,F,DESCENT,765,15,N,C,32,7.2,97,1.0,-0.6,0.4
2082,15:23:21,17,F,DESCENT,765,15,N,C,32,7.2,97,1.0,-0.6,0.4
2082,15:23:21,18,F,DESCENT,765,15,N,C,32,7.2,97,1.0,-0.6,0.4
2082,15:23:21,19,F,DESCENT,765,15,N,C,32,7.2,97,1.0,-0.6,0.4
2082,15:23:21,20,F,DESCENT,765,15,N,C,32,7.2,97,1.0,-0.6,0.4
2082,15:23:21,21,F,DESCENT,765,15,N,C,32,7.2,97,1.0,-0.6,0.4
2082,15:23:21,22,F,DESCENT,765,15,N,C,32,7.2,97,1.0,-0.6,0.4
2082,15:23:21,23,F,DESCENT,765,15,N,C,32,7.2,97,1.0,-0.6,0.4
2082,15:23:21,24,F,DESCENT,765,15,N,C,32,7.2,97,1.0,-0.6,0.4
2082,15:23:21,25,F,DESCENT,765,15,N,C,32,7.2,97,1.0,-0.6,0.4
2082,15:23:21,26,F,DESCENT,765,15,N,C,32,7.2,97,1.0,-0.6,0.4
2082,15:23:21,27,F,DESCENT,765,15,N,C,32,7.2,97,1.0,-0.6,0.4
2082,15:23:21,28,F,DESCENT,765,15,N,C,32,7.2,97,1.0,-0.6,0.4
2082,15:23:21,29,F,DESCENT,765,15,N,C,32,7.2,97,1.0,-0.6,0.4
2082,15:23:21,30,F,DESCENT,765,15,N,C,32,7.2,97,1.0,-0.6,0.4
2082,15:23:21,31,F,DESCENT,765,15,N,C,32,7.2,97,1.0,-0.6,0.4
2082,15:23:21,32,F,DESCENT,765,15,N,C,32,7.2,97,1.0,-0.6,0.4
2082,15:23:21,33,F,DESCENT,765,15,N,C,32,7.2,97,1.0,-0.6,0.4
2082,15:23:21,34,F,DESCENT,765,15,N,C,32,7.2,97,1.0,-0.6,0.4
2082,15:23:21,35,F,DESCENT,765,15,N,C,32,7.2,97,1.0,-0.6,0.4
2082,15:23:21,36,F,DESCENT,765,15,N,C,32,7.2,97,1.0,-0.6,0.4
2082,15:23:21,37,F,DESCENT,765,15,N,C,32,7.2,97,1.0,-0.6,0.4
2082,15:23:21,38,F,DESCENT,765,15,N,C,32,7.2,97,1.0,-0.6,0.4
2082,15:23:21,39,F,DESCENT,765,15,N,C,32,7.2,97,1.0,-0.6,0.4
2082,15:23:21,40,F,DESCENT,765,15,N,C,32,7.2,97,1.0,-0.6,0.4
2082,15:23:21,41,F,DESCENT,765,15,N,C,32,7.2,97,1.0,-0.6,0.4
2082,15:23:21,42,F,DESCENT,765,15,N,C,32,7.2,97,1.0,-0.6,0.4
2082,15:23:21,43,F,DESCENT,765,15,N,C,32,7.2,97,1.0,-0.6,0.4
2082,15:23:21,44,F,DESCENT,765,15,N,C,32,7.2,97,1.0,-0.6,0.4
2082,15:23:21,45,F,DESCENT,765,15,N,C,32,7.2,97,1.0,-0.6,0.4
2082,15:23:21,46,F,DESCENT,765,15,N,C,32,7.2,97,1.0,-0.6,0.4
2082,15:23:21,47,F,DESCENT,765,15,N,C,32,7.2,97,1.0,-0.6,0.4
2082,15:23:21,48,F,DESCENT,765,15,N,C,32,7.2,97,1.0,-0.6,0.4
2082,15:23:21,49,F,DESCENT,765,15,N,C,32,7.2,97,1.0,-0.6,0.4
2082,15:23:21,50,F,DESCENT,765,15,N,C,32,7.2,97,1.0,-0.6,0.4
2082,15:23:21,0,F,DESCENT,765,15,N,C,32,7.2,97,1.0,-0.6,0.4
2082,15:23:21,1,F,DESCENT,765,15,N,C,32,7.2,97,1.0,-0.6,0.4
2082,15:23:21,2,F,DESCENT,765,15,N,C,32,7.2,97,1.0,-0.6,0.4
2082,15:23:21,3,F,DESCENT,765,15,N,C,32,7.2,97,1.0,-0.6,0.4
2082,15:23:21,4,F,DESCENT,765,15,N,C,32,7.2,97,1.0,-0.6,0.4
2082,15:23:21,5,F,DESCENT,765,15,N,C,32,7.2,97,1.0,-0.6,0.4
2082,15:23:21,6,F,DESCENT,765,15,N,C,32,7.2,97,1.0,-0.6,0.4
2082,15:23:21,7,F,DESCENT,765,15,N,C,32,7.2,97,1.0,-0.6,0.4
2082,15:23:21,8,F,DESCENT,765,15,N,C,32,7.2,97,1.0,-0.6,0.4
2082,15:23:21,9,F,DESCENT,765,15,N,C,32,7.2,97,1.0,-0.6,0.4
2082,15:23:21,10,F,DESCENT,765,15,N,C,32,7.2,97,1.0,-0.6,0.4
2082,15:23:21,11,F,DESCENT,765,15,N,C,32,7.2,97,1.0,-0.6,0.4
2082,15:23:21,12,F,DESCENT,765,15,N,C,32,7.2,97,1.0,-0.6,0.4
2082,15:23:21,13,F,DESCENT,765,15,N,C,32,7.2,97,1.0,-0.6,0.4
2082,15:23:21,14,F,DESCENT,765,15,N,C,32,7.2,97,1.0,-0.6,0.4
2082,15:23:21,15,F,DESCENT,765,15,N,C,32,7.2,97,1.0,-0.6,0.4
2082,15:23:21,16,F,DESCENT,765,15,N,C,32,7.2,97,1.0,-0.6,0.4
2082,15:23:21,17,F,DESCENT,765,15,N,C,32,7.2,97,1.0,-0.6,0.4
2082,15:23:21,18,F,DESCENT,765,15,N,C,32,7.2,97,1.0,-0.6,0.4
2082,15:23:21,0,F,DESCENT,765,15,N,C,32,7.2,97,1.0,-0.6,0.4
2082,15:23:21,1,F,DESCENT,765,15,N,C,32,7.2,97,1.0,-0.6,0.4
2082,15:23:21,2,F,DESCENT,765,15,N,C,32,7.2,97,1.0,-0.6,0.4
2082,15:23:21,3,F,DESCENT,765,15,N,C,32,7.2,97,1.0,-0.6,0.4
2082,15:23:21,4,F,DESCENT,765,15,N,C,32,7.2,97,1.0,-0.6,0.4
2082,15:23:21,5,F,DESCENT,765,15,N,C,32,7.2,97,1.0,-0.6,0.4
2082,15:23:21,6,F,DESCENT,765,15,N,C,32,7.2,97,1.0,-0.6,0.4
2082,15:23:21,7,F,DESCENT,765,15,N,C,32,7.2,97,1.0,-0.6,0.4
2082,15:23:21,8,F,DESCENT,765,15,N,C,32,7.2,97,1.0,-0.6,0.4
2082,15:23:21,9,F,DESCENT,765,15,N,C,32,7.2,97,1.0,-0.6,0.4
2082,15:23:21,10,F,DESCENT,765,15,N,C,32,7.2,97,1.0,-0.6,0.4
2082,15:23:21,11,F,DESCENT,765,15,N,C,32,7.2,97,1.0,-0.6,0.4
2082,15:23:21,12,F,DESCENT,765,15,N,C,32,7.2,97,1.0,-0.6,0.4
2082,15:23:21,13,F,DESCENT,765,15,N,C,32,7.2,97,1.0,-0.6,0.4
2082,15:23:21,14,F,DESCENT,765,15,N,C,32,7.2,97,1.0,-0.6,0.4
2082,15:23:21,15,F,DESCENT,765,15,N,C,32,7.2,97,1.0,-0.6,0.4
2082,15:23:21,16,F,DESCENT,765,15,N,C,32,7.2,97,1.0,-0.6,0.4
2082,15:23:21,17,F,DESCENT,765,15,N,C,32,7.2,97,1.0,-0.6,0.4
2082,15:23:21,18,F,DESCENT,765,15,N,C,32,7.2,97,1.0,-0.6,0.4
2082,15:23:21,0,F,DESCENT,765,15,N,C,32,7.2,97,1.0,-0.6,0.4
2082,15:23:21,1,F,DESCENT,765,15,N,C,32,7.2,97,1.0,-0.6,0.4
2082,15:23:21,2,F,DESCENT,765,15,N,C,32,7.2,97,1.0,-0.6,0.4
2082,15:23:21,3,F,DESCENT,765,15,N,C,32,7.2,97,1.0,-0.6,0.4
2082,15:23:21,4,F,DESCENT,765,15,N,C,32,7.2,97,1.0,-0.6,0.4
2082,15:23:21,5,F,DESCENT,765,15,N,C,32,7.2,97,1.0,-0.6,0.4
2082,15:23:21,6,F,DESCENT,765,15,N,C,32,7.2,97,1.0,-0.6,0.4
2082,15:23:21,7,F,DESCENT,765,15,N,C,32,7.2,97,1.0,-0.6,0.4
2082,15:23:21,8,F,DESCENT,765,15,N,C,32,7.2,97,1.0,-0.6,0.4
2082,15:23:21,9,F,DESCENT,765,15,N,C,32,7.2,97,1.0,-0.6,0.4
2082,15:23:21,0,F,DESCENT,765,15,N,C,32,7.2,97,1.0,-0.6,0.4
2082,15:23:21,1,F,DESCENT,765,15,N,C,32,7.2,97,1.0,-0.6,0.4
2082,15:23:21,2,F,DESCENT,765,15,N,C,32,7.2,97,1.0,-0.6,0.4
2082,15:23:21,3,F,DESCENT,765,15,N,C,32,7.2,97,1.0,-0.6,0.4
2082,15:23:21,4,F,DESCENT,765,15,N,C,32,7.2,97,1.0,-0.6,0.4
2082,15:23:21,5,F,DESCENT,765,15,N,C,32,7.2,97,1.0,-0.6,0.4
2082,15:23:21,6,F,DESCENT,765,15,N,C,32,7.2,97,1.0,-0.6,0.4
2082,15:23:21,7,F,DESCENT,765,15,N,C,32,7.2,97,1.0,-0.6,0.4
2082,15:23:21,8,F,DESCENT,765,15,N,C,32,7.2,97,1.0,-0.6,0.4
2082,15:23:21,9,F,DESCENT,765,15,N,C,32,7.2,97,1.0,-0.6,0.4
2082,15:23:21,10,F,DESCENT,765,15,N,C,32,7.2,97,1.0,-0.6,0.4
2082,15:23:21,11,F,DESCENT,765,15,N,C,32,7.2,97,1.0,-0.6,0.4
2082,15:23:21,12,F,DESCENT,765,15,N,C,32,7.2,97,1.0,-0.6,0.4
2082,15:23:21,13,F,DESCENT,765,15,N,C,32,7.2,97,1.0,-0.6,0.4
2082,15:23:21,14,F,DESCENT,765,15,N,C,32,7.2,97,1.0,-0.6,0.4
2082,15:23:21,15,F,DESCENT,765,15,N,C,32,7.2,97,1.0,-0.6,0.4
2082,15:23:21,16,F,DESCENT,765,15,N,C,32,7.2,97,1.0,-0.6,0.4
2082,15:23:21,17,F,DESCENT,765,15,N,C,32,7.2,97,1.0,-0.6,0.4
2082,15:23:21,18,F,DESCENT,765,15,N,C,32,7.2,97,1.0,-0.6,0.4
2082,15:23:21,19,F,DESCENT,765,15,N,C,32,7.2,97,1.0,-0.6,0.4
2082,15:23:21,20,F,DESCENT,765,15,N,C,32,7.2,97,1.0,-0.6,0.4
2082,15:23:21,21,F,DESCENT,765,15,N,C,32,7.2,97,1.0,-0.6,0.4
2082,15:23:21,22,F,DESCENT,765,15,N,C,32,7.2,97,1.0,-0.6,0.4
2082,15:23:21,23,F,DESCENT,765,15,N,C,32,7.2,97,1.0,-0.6,0.4
2082,15:23:21,24,F,DESCENT,765,15,N,C,32,7.2,97,1.0,-0.6,0.4
2082,15:23:21,25,F,DESCENT,765,15,N,C,32,7.2,97,1.0,-0.6,0.4
2082,15:23:21,26,F,DESCENT,765,15,N,C,32,7.2,97,1.0,-0.6,0.4
2082,15:23:21,27,F,DESCENT,765,15,N,C,32,7.2,97,1.0,-0.6,0.4
2082,15:23:21,28,F,DESCENT,765,15,N,C,32,7.2,97,1.0,-0.6,0.4
2082,15:23:21,29,F,DESCENT,765,15,N,C,32,7.2,97,1.0,-0.6,0.4
2082,15:23:21,30,F,DESCENT,765,15,N,C,32,7.2,97,1.0,-0.6,0.4
2082,15:23:21,31,F,DESCENT,765,15,N,C,32,7.2,97,1.0,-0.6,0.4
2082,15:23:21,32,F,DESCENT,765,15,N,C,32,7.2,97,1.0,-0.6,0.4
2082,15:23:21,33,F,DESCENT,765,15,N,C,32,7.2,97,1.0,-0.6,0.4
2082,15:23:21,34,F,DESCENT,765,15,N,C,32,7.2,97,1.0,-0.6,0.4
2082,15:23:21,35,F,DESCENT,765,15,N,C,32,7.2,97,1.0,-0.6,0.4
2082,15:23:21,36,F,DESCENT,765,15,N,C,32,7.2,97,1.0,-0.6,0.4
2082,15:23:21,37,F,DESCENT,765,15,N,C,32,7.2,97,1.0,-0.6,0.4
2082,15:23:21,38,F,DESCENT,765,15,N,C,32,7.2,97,1.0,-0.6,0.4
2082,15:23:21,39,F,DESCENT,765,15,N,C,32,7.2,97,1.0,-0.6,0.4
2082,15:23:21,40,F,DESCENT,765,15,N,C,32,7.2,97,1.0,-0.6,0.4
2082,15:23:21,41,F,DESCENT,765,15,N,C,32,7.2,97,1.0,-0.6,0.4
2082,15:23:21,42,F,DESCENT,765,15,N,C,32,7.2,97,1.0,-0.6,0.4
2082,15:23:21,43,F,DESCENT,765,15,N,C,32,7.2,97,1.0,-0.6,0.4
2082,15:23:21,44,F,DESCENT,765,15,N,C,32,7.2,97,1.0,-0.6,0.4
2082,15:23:21,0,F,DESCENT,765,15,N,C,32,7.2,97,1.0,-0.6,0.4
2082,15:23:21,1,F,DESCENT,765,15,N,C,32,7.2,97,1.0,-0.6,0.4
2082,15:23:21,2,F,DESCENT,765,15,N,C,32,7.2,97,1.0,-0.6,0.4
2082,15:23:21,3,F,DESCENT,765,15,N,C,32,7.2,97,1.0,-0.6,0.4
2082,15:23:21,4,F,DESCENT,765,15,N,C,32,7.2,97,1.0,-0.6,0.4
2082,15:23:21,5,F,DESCENT,765,15,N,C,32,7.2,97,1.0,-0.6,0.4
2082,15:23:21,6,F,DESCENT,765,15,N,C,32,7.2,97,1.0,-0.6,0.4
2082,15:23:21,7,F,DESCENT,765,15,N,C,32,7.2,97,1.0,-0.6,0.4
2082,15:23:21,8,F,DESCENT,765,15,N,C,32,7.2,97,1.0,-0.6,0.4
2082,15:23:21,9,F,DESCENT,765,15,N,C,32,7.2,97,1.0,-0.6,0.4
2082,15:23:21,10,F,DESCENT,765,15,N,C,32,7.2,97,1.0,-0.6,0.4
2082,15:23:21,11,F,DESCENT,765,15,N,C,32,7.2,97,1.0,-0.6,0.4
2082,15:23:21,12,F,DESCENT,765,15,N,C,32,7.2,97,1.0,-0.6,0.4
2082,15:23:21,13,F,DESCENT,765,15,N,C,32,7.2,97,1.0,-0.6,0.4
2082,15:23:21,14,F,DESCENT,765,15,N,C,32,7.2,97,1.0,-0.6,0.4
2082,15:23:21,15,F,DESCENT,765,15,N,C,32,7.2,97,1.0,-0.6,0.4
2082,15:23:21,16,F,DESCENT,765,15,N,C,32,7.2,97,1.0,-0.6,0.4
2082,15:23:21,17,F,DESCENT,765,15,N,C,32,7.2,97,1.0,-0.6,0.4
2082,15:23:21,18,F,DESCENT,765,15,N,C,32,7.2,97,1.0,-0.6,0.4
2082,15:23:21,19,F,DESCENT,765,15,N,C,32,7.2,97,1.0,-0.6,0.4
2082,15:23:21,20,F,DESCENT,765,15,N,C,32,7.2,97,1.0,-0.6,0.4
2082,15:23:21,21,F,DESCENT,765,15,N,C,32,7.2,97,1.0,-0.6,0.4
2082,15:23:21,22,F,DESCENT,765,15,N,C,32,7.2,97,1.0,-0.6,0.4
2082,15:23:21,23,F,DESCENT,765,15,N,C,32,7.2,97,1.0,-0.6,0.4
2082,15:23:21,24,F,DESCENT,765,15,N,C,32,7.2,97,1.0,-0.6,0.4
2082,15:23:21,25,F,DESCENT,765,15,N,C,32,7.2,97,1.0,-0.6,0.4
2082,15:23:21,26,F,DESCENT,765,15,N,C,32,7.2,97,1.0,-0.6,0.4
2082,15:23:21,27,F,DESCENT,765,15,N,C,32,7.2,97,1.0,-0.6,0.4
2082,15:23:21,28,F,DESCENT,765,15,N,C,32,7.2,97,1.0,-0.6,0.4
2082,15:23:21,29,F,DESCENT,765,15,N,C,32,7.2,97,1.0,-0.6,0.4
2082,15:23:21,30,F,DESCENT,765,15,N,C,32,7.2,97,1.0,-0.6,0.4
2082,15:23:21,31,F,DESCENT,765,15,N,C,32,7.2,97,1.0,-0.6,0.4
2082,15:23:21,32,F,DESCENT,765,15,N,C,32,7.2,97,1.0,-0.6,0.4
2082,15:23:21,33,F,DESCENT,765,15,N,C,32,7.2,97,1.0,-0.6,0.4
2082,15:23:21,34,F,DESCENT,765,15,N,C,32,7.2,97,1.0,-0.6,0.4
2082,15:23:21,35,F,DESCENT,765,15,N,C,32,7.2,97,1.0,-0.6,0.4
2082,15:23:21,36,F,DESCENT,765,15,N,C,32,7.2,97,1.0,-0.6,0.4
2082,15:23:21,37,F,DESCENT,765,15,N,C,32,7.2,97,1.0,-0.6,0.4
2082,15:23:21,38,F,DESCENT,765,15,N,C,32,7.2,97,1.0,-0.6,0.4
2082,15:23:21,39,F,DESCENT,765,15,N,C,32,7.2,97,1.0,-0.6,0.4
2082,15:23:21,40,F,DESCENT,765,15,N,C,32,7.2,97,1.0,-0.6,0.4
2082,15:23:21,41,F,DESCENT,765,15,N,C,32,7.2,97,1.0,-0.6,0.4
2082,15:23:21,42,F,DESCENT,765,15,N,C,32,7.2,97,1.0,-0.6,0.4
2082,15:23:21,43,F,DESCENT,765,15,N,C,32,7.2,97,1.0,-0.6,0.4
2082,15:23:21,44,F,DESCENT,765,15,N,C,32,7.2,97,1.0,-0.6,0.4
2082,15:23:21,45,F,DESCENT,765,15,N,C,32,7.2,97,1.0,-0.6,0.4
2082,15:23:21,46,F,DESCENT,765,15,N,C,32,7.2,97,1.0,-0.6,0.4
2082,15:23:21,47,F,DESCENT,765,15,N,C,32,7.2,97,1.0,-0.6,0.4
2082,15:23:21,48,F,DESCENT,765,15,N,C,32,7.2,97,1.0,-0.6,0.4
2082,15:23:21,0,F,DESCENT,765,15,N,C,32,7.2,97,1.0,-0.6,0.4
2082,15:23:21,1,F,DESCENT,765,15,N,C,32,7.2,97,1.0,-0.6,0.4
2082,15:23:21,2,F,DESCENT,765,15,N,C,32,7.2,97,1.0,-0.6,0.4
2082,15:23:21,3,F,DESCENT,765,15,N,C,32,7.2,97,1.0,-0.6,0.4
2082,15:23:21,4,F,DESCENT,765,15,N,C,32,7.2,97,1.0,-0.6,0.4
2082,15:23:21,5,F,DESCENT,765,15,N,C,32,7.2,97,1.0,-0.6,0.4
2082,15:23:21,6,F,DESCENT,765,15,N,C,32,7.2,97,1.0,-0.6,0.4
2082,15:23:21,7,F,DESCENT,765,15,N,C,32,7.2,97,1.0,-0.6,0.4

2082,15:23:21,0,F,DESCENT,765,15,N,C,32,7.2,97,1.0,-0.6,0.4
2082,15:23:21,1,F,DESCENT,765,15,N,C,32,7.2,97,1.0,-0.6,0.4
2082,15:23:21,2,F,DESCENT,765,15,N,C,32,7.2,97,1.0,-0.6,0.4
2082,15:23:21,3,F,DESCENT,765,15,N,C,32,7.2,97,1.0,-0.6,0.4
2082,15:23:21,4,F,DESCENT,765,15,N,C,32,7.2,97,1.0,-0.6,0.4
2082,15:23:21,5,F,DESCENT,765,15,N,C,32,7.2,97,1.0,-0.6,0.4
2082,15:23:21,6,F,DESCENT,765,15,N,C,32,7.2,97,1.0,-0.6,0.4
2082,15:23:21,7,F,DESCENT,765,15,N,C,32,7.2,97,1.0,-0.6,0.4
2082,15:23:21,8,F,DESCENT,765,15,N,C,32,7.2,97,1.0,-0.6,0.4
2082,15:23:21,9,F,DESCENT,765,15,N,C,32,7.2,97,1.0,-0.6,0.4
2082,15:23:21,10,F,DESCENT,765,15,N,C,32,7.2,97,1.0,-0.6,0.4
2082,15:23:21,11,F,DESCENT,765,15,N,C,32,7.2,97,1.0,-0.6,0.4
2082,15:23:21,12,F,DESCENT,765,15,N,C,32,7.2,97,1.0,-0.6,0.4
2082,15:23:21,13,F,DESCENT,765,15,N,C,32,7.2,97,1.0,-0.6,0.4
2082,15:23:21,14,F,DESCENT,765,15,N,C,32,7.2,97,1.0,-0.6,0.4
2082,15:23:21,15,F,DESCENT,765,15,N,C,32,7.2,97,1.0,-0.6,0.4
2082,14:05:06,27,F,LAUNCH WAIT,8.90,0.11,N,N,29.23,2.36,97.16,-0.25,0.94,-2.75
2082,14:05:09,28,F,LAUNCH WAIT,8.40,0.33,N,N,29.25,2.36,97.16,-0.27,0.94,1.16
2082,14:05:11,29,F,LAUNCH WAIT,9.24,0.42,N,N,29.25,2.36,97.15,-0.27,0.94,2.32
2082,14:05:13,30,F,LAUNCH WAIT,8.21,0.63,N,N,29.25,2.34,97.17,-0.29,0.97,9.40
2082,14:05:15,31,F,LAUNCH WAIT,8.53,0.83,N,N,29.27,2.34,97.16,-0.25,0.95,-1.40
2082,14:05:17,32,F,LAUNCH WAIT,8.26,0.57,N,N,29.27,2.32,97.16,-0.24,0.94,-2.50
2082,14:05:20,33,F,LAUNCH WAIT,8.73,0.42,N,N,29.27,2.31,97.16,-0.23,0.93,1.46
2082,14:05:22,34,F,LAUNCH WAIT,7.95,0.45,N,N,29.25,2.54,97.17,0.05,1.12,-15.69
2082,14:05:24,35,F,LAUNCH WAIT,7.02,0.62,N,N,29.28,2.41,97.18,0.08,0.97,-1.83
2082,14:05:26,36,F,LAUNCH WAIT,7.42,0.77,N,N,29.28,2.44,97.17,0.09,0.97,-0.31
2082,14:05:29,37,F,LAUNCH WAIT,7.15,0.58,N,N,29.29,2.40,97.18,0.09,0.97,-0.37
2082,14:05:31,38,F,LAUNCH WAIT,7.33,0.43,N,N,29.29,2.28,97.18,0.03,0.97,8.73
2082,14:05:33,39,F,LAUNCH WAIT,8.60,0.30,N,N,29.28,2.36,97.16,-0.80,-0.33,-58.78
2082,14:05:35,40,F,LAUNCH WAIT,9.01,0.79,N,N,29.29,2.40,97.16,-0.95,-0.14,5.49
2082,14:05:37,41,F,LAUNCH WAIT,9.05,0.60,N,N,29.29,2.39,97.16,-0.99,-0.22,-25.39
2082,14:05:40,42,F,LAUNCH WAIT,9.01,0.32,N,N,29.30,2.41,97.16,-0.90,-0.28,3.36
2082,14:05:42,43,F,LAUNCH WAIT,8.71,0.18,N,N,29.32,2.39,97.16,-0.90,-0.35,-4.39
2082,14:05:44,44,F,LAUNCH WAIT,9.38,0.24,N,N,29.32,2.42,97.15,-0.91,-0.36,-0.37
2082,14:05:46,45,F,LAUNCH WAIT,8.76,0.46,N,N,29.32,2.31,97.16,-0.77,-0.47,-0.12
2082,14:05:48,46,F,LAUNCH WAIT,9.46,0.54,N,N,29.33,2.26,97.15,-0.88,-0.42,0.49
2082,14:05:51,47,F,LAUNCH WAIT,8.96,0.62,N,N,29.34,2.26,97.16,-0.84,-0.40,-5.98
2082,14:05:53,48,F,LAUNCH WAIT,9.03,0.56,N,N,29.36,2.28,97.16,-0.93,0.05,78.37
2082,14:05:55,49,F,LAUNCH WAIT,7.93,0.32,N,N,29.35,2.24,97.17,-0.43,0.89,2.32
2082,14:05:57,50,F,LAUNCH WAIT,8.46,0.71,N,N,29.33,2.24,97.16,-0.38,0.91,-0.37
2082,14:05:59,51,F,LAUNCH WAIT,7.74,0.62,N,N,29.33,2.23,97.17,-0.36,0.91,-0.24
2082,14:06:02,52,F,LAUNCH WAIT,8.37,0.67,N,N,29.31,2.24,97.16,-0.33,0.88,27.83
2082,14:06:04,53,F,LAUNCH WAIT,7.63,0.65,N,N,29.32,2.24,97.17,-0.28,0.93,0.31
2082,14:06:06,54,F,LAUNCH WAIT,8.44,0.69,N,N,29.32,2.22,97.16,-0.30,0.94,1.16
2082,14:06:08,55,F,LAUNCH WAIT,7.83,0.75,N,N,29.32,2.23,97.17,-0.26,0.96,-0.31
2082,14:06:10,56,F,LAUNCH WAIT,7.77,0.68,N,N,29.31,2.22,97.17,-0.34,0.97,-0.12
2082,14:06:13,57,F,LAUNCH WAIT,8.07,0.37,N,N,29.29,2.19,97.17,-0.25,0.93,14.71
2082,14:06:15,58,F,LAUNCH WAIT,9.13,0.34,N,N,29.32,2.19,97.15,-0.24,0.90,7.57
2082,14:06:17,59,F,LAUNCH WAIT,8.09,0.69,N,N,29.33,2.19,97.17,-0.32,0.93,26.25
2082,14:06:19,60,F,LAUNCH WAIT,8.69,0.86,N,N,29.33,2.50,97.16,-0.21,0.95,-18.07
2082,14:06:21,61,F,LAUNCH WAIT,8.68,0.73,N,N,29.34,2.29,97.16,-0.24,0.75,-52.37
2082,14:06:24,62,F,LAUNCH WAIT,7.81,0.37,N,N,29.33,2.21,97.17,-0.06,0.55,11.23
2082,14:06:26,63,F,LAUNCH WAIT,7.60,0.62,N,N,29.36,2.24,97.17,-0.05,0.87,-29.91
2082,14:06:28,64,F,LAUNCH WAIT,7.92,0.41,N,N,29.36,2.24,97.17,-0.35,0.69,14.22
2082,14:06:30,65,F,LAUNCH WAIT,8.19,0.37,N,N,29.36,2.24,97.17,-0.32,0.84,13.31
2082,14:06:32,66,F,LAUNCH WAIT,7.85,0.32,N,N,29.37,2.21,97.17,-0.23,0.85,-0.55
2082,14:06:35,67,F,LAUNCH WAIT,8.07,0.33,N,N,29.38,2.19,97.17,-0.39,0.81,-2.08
2082,14:06:37,68,F,LAUNCH WAIT,8.06,0.28,N,N,29.38,2.20,97.17,-0.44,0.77,-0.49
2082,14:06:39,69,F,LAUNCH WAIT,8.10,0.14,N,N,29.37,2.21,97.17,-0.34,0.45,-17.52
2082,14:06:41,70,F,LAUNCH WAIT,8.47,0.09,N,N,29.38,2.21,97.16,-0.19,0.47,-19.04
2082,14:06:43,71,F,LAUNCH WAIT,8.24,0.23,N,N,29.37,2.17,97.17,-0.38,0.68,-17.94
2082,14:06:45,72,F,LAUNCH WAIT,7.86,0.23,N,N,29.37,2.16,97.17,-0.37,0.86,-5.43
2082,14:06:48,73,F,LAUNCH WAIT,8.20,0.31,N,N,29.39,2.14,97.17,-0.41,0.82,0.73
2082,14:07:34,94,F,LAUNCH WAIT,9.05,0.32,N,N,29.22,1.97,97.16,-0.67,-0.23,-3.48
2082,14:07:36,95,F,LAUNCH WAIT,9.06,0.29,N,N,29.21,1.97,97.16,-0.66,-0.20,0.31
2082,14:07:38,96,F,LAUNCH WAIT,8.79,0.15,N,N,29.21,1.97,97.16,-0.68,-0.21,-1.53
2082,14:07:43,98,F,LAUNCH WAIT,8.69,0.17,N,N,29.22,1.97,97.16,-0.67,-0.21,0.98
2082,14:07:45,99,F,LAUNCH WAIT,9.03,0.10,N,N,29.24,1.98,97.16,-0.65,-0.24,0.43
2082,14:07:47,100,F,LAUNCH WAIT,8.50,0.22,N,N,29.23,1.99,97.16,-0.50,-0.34,-1.83
2082,14:07:49,101,F,LAUNCH WAIT,8.40,0.38,N,N,29.22,1.98,97.16,-0.27,-0.06,2.62
2082,14:07:52,102,F,LAUNCH WAIT,8.07,0.24,N,N,29.23,1.97,97.17,-0.49,-0.11,-0.24
2082,14:07:54,103,F,LAUNCH WAIT,8.67,0.28,N,N,29.22,1.98,97.16,-0.50,-0.13,-2.38
2082,14:07:56,104,F,LAUNCH WAIT,8.70,0.44,N,N,29.22,1.96,97.16,-0.50,-0.11,0.06
2082,14:07:58,105,F,LAUNCH WAIT,8.25,0.24,N,N,29.22,1.97,97.17,-0.54,0.07,43.76
2082,14:08:00,106,F,LAUNCH WAIT,8.57,0.35,N,N,29.18,1.97,97.16,-0.54,0.06,-16.66
2082,14:08:03,107,F,LAUNCH WAIT,9.20,0.34,N,N,29.15,1.96,97.15,-0.78,-0.12,-1.71
2082,14:08:05,108,F,LAUNCH WAIT,8.47,0.48,N,N,29.10,1.94,97.16,-0.77,0.14,55.42
2082,14:08:07,109,F,LAUNCH WAIT,8.35,0.61,N,N,29.11,1.98,97.16,-0.45,-0.07,38.09
2082,14:08:09,110,F,LAUNCH WAIT,7.95,0.36,N,N,29.02,1.99,97.17,-1.52,0.24,-6.10
2082,14:08:14,112,F,LAUNCH WAIT,5.19,0.87,N,N,28.90,2.02,97.20,-0.45,-0.52,-98.94
2082,14:08:16,113,F,LAUNCH WAIT,5.21,1.14,N,N,28.94,2.06,97.20,-0.84,-0.04,-33.45
2082,14:08:18,114,F,LAUNCH WAIT,5.26,0.58,N,N,28.93,2.09,97.20,-0.70,0.07,-16.97
2082,14:08:20,115,F,LAUNCH WAIT,5.10,0.32,N,N,28.93,2.10,97.20,-0.49,0.10,-15.32
2082,14:08:22,116,F,LAUNCH WAIT,4.55,0.24,N,N,28.91,2.13,97.21,-0.59,-0.18,-19.29
2082,14:08:25,117,F,LAUNCH WAIT,4.78,0.40,N,N,28.91,2.14,97.21,-0.96,-0.16,-3.42
2082,14:08:27,118,F,LAUNCH WAIT,4.90,0.31,N,N,28.92,2.14,97.20,-0.92,-0.17,12.27
2082,14:08:29,119,F,LAUNCH WAIT,4.66,0.21,N,N,28.94,2.14,97.21,-0.95,-0.23,0.00
2082,14:08:31,120,F,LAUNCH WAIT,4.93,0.23,N,N,28.94,2.14,97.20,-0.94,-0.20,-0.61
2082,14:08:33,121,F,LAUNCH WAIT,5.41,0.25,N,N,28.94,2.15,97.20,-0.93,-0.22,0.85
2082,14:08:36,122,F,LAUNCH WAIT,4.58,0.36,N,N,28.93,2.17,97.21,-0.95,-0.27,-16.48
2082,14:08:38,123,F,LAUNCH WAIT,5.16,0.60,N,N,28.95,2.19,97.20,-0.99,-0.22,-0.85
2082,14:08:40,124,F,LAUNCH WAIT,4.59,0.59,N,N,28.96,2.19,97.21,-0.94,0.07,0.67
2082,14:08:42,125,F,LAUNCH WAIT,5.21,0.58,N,N,28.95,2.18,97.20,-0.97,-0.03,14.89
2082,14:08:49,128,F,LAUNCH WAIT,5.39,0.26,N,N,28.96,2.17,97.20,-0.94,0.01,0.61
2082,14:08:51,129,F,LAUNCH WAIT,5.09,0.38,N,N,28.96,2.16,97.20,-0.92,0.02,-1.53
2082,14:08:53,130,F,LAUNCH WAIT,5.55,0.34,N,N,28.94,2.16,97.20,-0.94,-0.00,-1.65
2082,14:08:55,131,F,LAUNCH WAIT,5.37,0.40,N,N,28.93,2.16,97.20,-0.95,-0.02,0.37
2082,14:09:06,136,F,LAUNCH WAIT,4.57,0.07,N,N,28.96,2.16,97.21,-0.93,-0.03,-4.64
2082,14:09:08,137,F,LAUNCH WAIT,5.04,0.58,N,N,28.95,2.16,97.20,-0.93,-0.08,-1.65
2082,14:09:13,139,F,LAUNCH WAIT,5.10,0.40,N,N,28.96,2.18,97.20,-0.93,-0.09,-1.28
2082,14:09:15,140,F,LAUNCH WAIT,5.90,0.31,N,N,28.96,2.18,97.19,-0.92,-0.09,0.67
2082,14:09:17,141,F,LAUNCH WAIT,4.99,0.55,N,N,28.98,2.18,97.20,-0.92,-0.10,0.43
2082,14:09:19,142,F,LAUNCH WAIT,5.21,0.73,N,N,28.99,2.18,97.20,-0.93,-0.10,1.04
2082,14:09:22,143,F,LAUNCH WAIT,5.50,0.48,N,N,28.99,2.18,97.20,-0.92,-0.11,-0.67
2082,14:09:24,144,F,LAUNCH WAIT,5.28,0.39,N,N,29.00,2.17,97.20,-0.93,-0.11,0.12
2082,14:09:26,145,F,LAUNCH WAIT,5.28,0.31,N,N,29.00,2.18,97.20,-0.92,-0.16,0.18
2082,14:09:28,146,F,LAUNCH WAIT,5.08,0.15,N,N,29.00,2.17,97.20,-0.94,-0.16,3.54
2082,14:09:30,147,F,LAUNCH WAIT,5.17,0.18,N,N,28.99,2.16,97.20,-0.83,-0.38,16.11
2082,14:09:33,148,F,LAUNCH WAIT,5.15,0.13,N,N,28.97,2.16,97.20,-0.38,-0.10,9.77
2082,14:09:35,149,F,LAUNCH WAIT,4.54,0.07,N,N,28.95,2.16,97.21,-0.24,-0.15,-6.71
2082,14:09:37,150,F,LAUNCH WAIT,5.54,0.35,N,N,28.93,2.16,97.20,-0.79,-0.61,-48.10
2082,,112,F,ROCKET_SEPARATION,0.81,22.25,P,N,24.96,8.47,97.15,-0.06,0.85,-3.48
2082,,113,F,ROCKET_SEPARATION,0.80,11.34,P,N,24.96,8.47,97.15,-0.16,0.70,7.14
2082,,114,F,ROCKET_SEPARATION,0.68,5.68,P,N,24.98,8.46,97.16,-0.09,0.69,11.17
2082,,115,F,ROCKET_SEPARATION,0.92,2.90,P,N,24.98,8.47,97.15,-0.05,0.69,-2.14
2082,,116,F,ROCKET_SEPARATION,1.05,1.57,P,N,25.01,8.49,97.15,-0.02,0.75,-24.41
2082,,117,F,ROCKET_SEPARATION,0.96,0.85,P,N,25.01,8.49,97.15,-0.09,0.61,-2.14
2082,,118,F,ROCKET_SEPARATION,0.91,0.47,P,N,25.01,8.49,97.15,-0.24,0.36,-6.41
2082,,119,F,ROCKET_SEPARATION,0.75,0.26,P,N,25.01,8.50,97.15,-0.11,0.57,-5.98
2082,,120,F,ROCKET_SEPARATION,0.72,0.21,P,N,25.03,8.50,97.15,-0.11,0.59,-3.66
2082,,121,F,ROCKET_SEPARATION,0.51,0.12,P,N,25.02,8.47,97.16,-0.15,0.59,-2.87
2082,,122,F,ROCKET_SEPARATION,0.64,0.16,P,N,25.01,8.47,97.16,0.04,0.69,-23.80
2082,,123,F,ROCKET_SEPARATION,0.42,0.15,P,N,25.00,8.43,97.16,0.22,0.26,-3.17
2082,,124,F,ROCKET_SEPARATION,0.94,0.18,P,N,24.99,8.46,97.15,-0.10,0.35,-11.17
2082,,125,F,ROCKET_SEPARATION,0.63,0.35,P,N,24.99,8.46,97.16,-0.18,0.41,-1.22
2082,,126,F,ROCKET_SEPARATION,0.49,0.33,P,N,24.99,8.46,97.16,-0.19,0.37,5.62
2082,,127,F,ROCKET_SEPARATION,0.48,0.24,P,N,24.97,8.48,97.16,-0.18,0.41,-0.55
2082,,128,F,ROCKET_SEPARATION,0.86,0.12,P,N,24.98,8.46,97.15,-0.18,0.40,-1.10
2082,,129,F,ROCKET_SEPARATION,0.32,0.25,P,N,24.99,8.46,97.16,-0.22,0.37,0.98
2082,,130,F,ROCKET_SEPARATION,0.36,0.39,P,N,24.99,8.24,97.16,0.95,0.00,-3.11
2082,,131,F,ROCKET_SEPARATION,0.14,0.21,P,N,24.99,8.21,97.16,1.00,0.18,0.55
2082,,132,F,ROCKET_SEPARATION,0.00,0.21,P,N,24.99,8.22,97.16,0.91,0.32,17.46
2082,,133,F,ROCKET_SEPARATION,0.45,0.18,P,N,24.99,8.46,97.16,0.19,0.49,-8.61
2082,,134,F,ROCKET_SEPARATION,0.89,0.32,P,N,25.01,8.46,97.15,0.07,0.42,-3.30
2082,,135,F,ROCKET_SEPARATION,0.45,0.38,P,N,25.02,8.46,97.16,0.06,0.44,1.71
2082,,136,F,ROCKET_SEPARATION,0.57,0.41,P,N,24.99,8.45,97.16,0.06,0.43,-3.11
2082,,137,F,ROCKET_SEPARATION,0.51,0.26,P,N,24.99,8.46,97.16,0.08,0.43,-3.23
2082,,138,F,ROCKET_SEPARATION,0.05,0.16,P,N,24.98,8.46,97.16,0.06,0.40,-0.49
2082,,139,F,ROCKET_SEPARATION,0.08,0.31,P,N,24.98,8.47,97.16,0.07,0.41,-0.98
2082,,140,F,ROCKET_SEPARATION,0.55,0.16,P,N,24.99,8.46,97.16,0.10,0.39,1.53
2082,,141,F,ROCKET_SEPARATION,0.00,0.32,P,N,25.00,8.46,97.17,0.09,0.40,0.92
2082,,142,F,ROCKET_SEPARATION,0.54,0.57,P,N,25.01,8.46,97.16,0.09,0.41,0.55
2082,,143,F,ROCKET_SEPARATION,0.14,0.69,P,N,25.02,8.46,97.16,0.09,0.41,-0.92
2082,,144,F,ROCKET_SEPARATION,0.11,0.55,P,N,25.00,8.46,97.16,0.03,0.48,5.80
2082,,145,F,ROCKET_SEPARATION,0.10,0.29,P,N,25.01,8.46,97.16,0.10,0.42,-0.61
2082,,146,F,ROCKET_SEPARATION,0.31,0.15,P,N,25.00,8.46,97.16,0.10,0.41,0.61
2082,,202,F,ROCKET_SEPARATION,0.00,0.08,P,N,25.24,8.46,97.17,0.16,0.62,-4.52
2082,,203,F,ROCKET_SEPARATION,0.00,0.11,P,N,25.25,8.45,97.17,0.02,0.50,-1.28
2082,,204,F,ROCKET_SEPARATION,0.00,0.07,P,N,25.26,8.45,97.17,0.11,0.52,2.32
2082,,205,F,ROCKET_SEPARATION,0.00,0.12,P,N,25.28,8.46,97.17,0.13,0.52,-1.34
2082,,206,F,ROCKET_SEPARATION,0.00,0.17,P,N,25.28,8.46,97.17,0.25,0.85,5.86
2082,,31,F,ROCKET_SEPARATION,0.00,1.04,P,N,34.26,3.94,97.22,-0.51,-0.54,-0.12
2082,,32,F,ROCKET_SEPARATION,0.00,0.71,P,N,34.35,3.94,97.23,-0.51,-0.54,-0.12
2082,,33,F,ROCKET_SEPARATION,0.00,0.78,P,N,34.42,3.94,97.27,-0.51,-0.54,-0.12
2082,,34,F,ROCKET_SEPARATION,0.00,1.99,P,N,34.37,3.94,97.28,-0.51,-0.54,-0.12
2082,,35,F,ROCKET_SEPARATION,0.00,1.74,P,N,34.38,3.94,97.29,-0.51,-0.55,-0.06
2082,,36,F,ROCKET_SEPARATION,0.00,1.07,P,N,34.36,3.93,97.29,-0.50,-0.54,-0.12
2082,,37,F,ROCKET_SEPARATION,0.00,0.56,P,N,34.41,3.94,97.29,-0.51,-0.54,-0.12
2082,,38,F,ROCKET_SEPARATION,0.00,0.41,P,N,34.40,3.94,97.29,-0.51,-0.55,-0.12
2082,,39,F,ROCKET_SEPARATION,0.00,0.28,P,N,34.34,3.93,97.29,-0.51,-0.54,-0.06
2082,,40,F,ROCKET_SEPARATION,0.00,0.30,P,N,34.38,3.94,97.30,-0.51,-0.55,-0.12
2082,,41,F,ROCKET_SEPARATION,0.00,0.47,P,N,34.32,3.93,97.30,-0.53,-0.62,-0.79
2082,,42,F,ROCKET_SEPARATION,0.00,0.33,P,N,33.80,3.94,97.30,-0.47,-0.54,-2.99
2082,,43,F,ROCKET_SEPARATION,0.00,0.35,P,N,33.13,3.94,97.33,0.17,-0.08,-17.94
2082,,44,F,ROCKET_SEPARATION,0.00,1.37,P,N,33.39,3.94,97.30,0.05,-0.12,0.73
2082,,45,F,ROCKET_SEPARATION,0.00,2.18,P,N,33.17,3.94,97.27,0.03,-0.07,67.81
2082,,46,F,ROCKET_SEPARATION,0.00,2.12,P,N,33.15,3.94,97.24,0.04,-0.05,13.06
2082,,47,F,ROCKET_SEPARATION,0.00,2.56,P,N,32.76,3.94,97.22,0.03,-0.13,6.04
2082,,48,F,ROCKET_SEPARATION,0.00,2.00,P,N,32.60,3.94,97.21,0.00,-0.10,10.13
2082,,49,F,ROCKET_SEPARATION,0.00,1.56,P,N,32.41,3.94,97.20,0.04,-0.12,15.93
2082,,50,F,ROCKET_SEPARATION,0.00,1.30,P,N,32.16,3.95,97.19,0.04,-0.12,-25.33
2082,,51,F,ROCKET_SEPARATION,0.00,0.95,P,N,31.88,3.94,97.17,0.03,-0.11,-1.34
2082,,52,F,ROCKET_SEPARATION,0.00,1.34,P,N,31.71,3.94,97.18,0.00,-0.18,9.09
2082,,53,F,ROCKET_SEPARATION,2.12,0.94,P,N,31.51,3.94,97.14,-0.01,-0.12,-20.08
2082,,54,F,ROCKET_SEPARATION,1.20,2.07,P,N,31.25,3.93,97.15,0.05,-0.12,8.85
2082,,55,F,ROCKET_SEPARATION,1.74,1.50,P,N,31.12,3.95,97.14,-0.01,-0.13,0.85
2082,,56,F,ROCKET_SEPARATION,2.46,1.02,P,N,31.03,3.96,97.13,0.04,-0.09,5.37
2082,,57,F,ROCKET_SEPARATION,4.15,0.87,P,N,30.97,3.96,97.12,-0.01,-0.12,1.22
2082,,58,F,ROCKET_SEPARATION,5.66,1.28,P,N,30.88,3.96,97.10,0.04,-0.05,-41.63
2082,,59,F,ROCKET_SEPARATION,8.79,1.40,P,N,30.54,3.94,97.06,0.03,-0.09,-7.26
2082,,61,F,ROCKET_SEPARATION,14.42,1.74,P,N,30.24,3.96,97.00,0.02,-0.07,-0.61
2082,,147,F,ROCKET_SEPARATION,61.16,1.36,P,N,24.50,7.59,96.46,0.01,-0.34,-12.57
2082,,149,F,ROCKET_SEPARATION,59.24,1.15,P,N,24.39,7.58,96.48,-0.26,-0.23,12.39
2082,,164,F,ROCKET_SEPARATION,47.34,4.23,P,N,24.46,7.58,96.61,-0.02,-0.26,6.10
2082,,166,F,ROCKET_SEPARATION,46.77,1.64,P,N,24.49,7.54,96.62,0.06,-0.15,77.33
2082,,168,F,ROCKET_SEPARATION,44.55,1.92,P,N,24.49,7.51,96.65,0.15,-0.25,-17.88
2082,,169,F,ROCKET_SEPARATION,44.13,1.24,P,N,24.52,7.49,96.65,0.01,-0.17,10.44
2082,,185,F,ROCKET_SEPARATION,31.44,1.07,P,N,24.66,7.54,96.80,0.13,-0.16,-10.25
2082,,199,F,ROCKET_SEPARATION,23.41,0.78,P,N,24.74,7.60,96.89,-0.21,0.06,-34.55
2082,,204,F,ROCKET_SEPARATION,21.83,1.08,P,N,24.77,7.56,96.91,-0.05,-0.27,-11.35
2082,,206,F,ROCKET_SEPARATION,19.01,0.79,P,N,24.73,7.56,96.94,0.06,-0.31,12.08
2082,,212,F,ROCKET_SEPARATION,11.41,1.94,P,N,24.99,7.52,97.03,0.14,-0.11,-11.96
2082,,216,F,ROCKET_SEPARATION,8.56,1.39,P,N,25.20,7.51,97.06,-0.04,-0.25,5.68
2082,,217,F,ROCKET_SEPARATION,7.34,1.17,P,N,25.28,7.51,97.08,-0.10,-0.18,2.50
2082,,220,F,ROCKET_SEPARATION,1.45,1.30,P,N,25.52,7.44,97.15,-0.05,-0.19,24.41
2082,,221,F,ROCKET_SEPARATION,0.22,2.47,P,N,25.52,7.42,97.16,0.06,-0.10,-13.92
2082,,227,F,ROCKET_SEPARATION,0.00,1.84,P,N,25.83,7.40,97.24,0.02,-0.12,22.46
2082,,228,F,ROCKET_SEPARATION,0.00,2.18,P,N,25.76,7.34,97.20,-0.11,-0.21,13.37
2082,,230,F,ROCKET_SEPARATION,0.00,1.65,P,N,25.81,7.29,97.25,-0.07,-0.16,37.96
2082,,231,F,ROCKET_SEPARATION,0.00,2.86,P,N,25.90,7.30,97.26,-0.05,-0.15,28.50
2082,,232,F,ROCKET_SEPARATION,0.00,1.61,P,N,25.94,7.31,97.28,0.04,-0.11,4.21
2082,,234,F,ROCKET_SEPARATION,0.00,1.05,P,N,26.14,7.28,97.32,0.00,-0.09,13.18
2082,,235,F,ROCKET_SEPARATION,0.00,1.83,P,N,26.23,7.26,97.31,0.04,-0.12,-18.80
2082,,236,F,ROCKET_SEPARATION,0.00,1.20,P,N,26.33,7.24,97.30,0.06,-0.15,1.89
2082,,237,F,ROCKET_SEPARATION,0.00,0.84,P,N,26.44,7.22,97.31,-0.00,-0.21,6.23
2082,,240,F,ROCKET_SEPARATION,0.00,2.90,P,N,27.23,7.10,97.34,-0.02,-0.15,5.37
2082,,241,F,ROCKET_SEPARATION,0.00,2.56,P,N,20.62,6.93,97.35,-0.01,-0.17,8.85
2082,,242,F,ROCKET_SEPARATION,0.00,1.67,P,N,27.91,6.70,97.37,-0.02,-0.09,9.83
2082,,243,F,ROCKET_SEPARATION,0.00,1.68,P,N,17.79,6.49,97.35,0.01,-0.13,2.20
2082,,244,F,ROCKET_SEPARATION,0.00,1.44,P,N,25.65,6.13,97.35,0.01,-0.16,-1.46
2082,,247,F,ROCKET_SEPARATION,0.00,1.60,P,N,29.15,5.38,97.38,-0.00,-0.13,-5.62
2082,,252,F,ROCKET_SEPARATION,0.00,1.89,P,N,29.13,5.02,97.32,0.03,-0.12,-12.76
2082,,253,F,ROCKET_SEPARATION,0.00,1.15,P,N,29.00,4.99,97.31,-0.00,0.17,-0.37
2082,,254,F,ROCKET_SEPARATION,0.00,0.87,P,N,28.94,4.98,97.32,0.02,-0.14,7.26
2082,,258,F,ROCKET_SEPARATION,0.00,0.21,P,N,28.84,5.00,97.32,0.23,-0.20,-2.87
2082,,267,F,ROCKET_SEPARATION,0.00,0.54,P,N,28.66,4.86,97.30,0.71,0.25,-11.23
2082,,269,F,ROCKET_SEPARATION,0.00,1.34,P,N,28.57,4.98,97.32,0.02,-0.17,63.90
2082,,270,F,ROCKET_SEPARATION,0.00,0.85,P,N,28.48,5.01,97.32,0.01,-0.10,-10.07
2082,,271,F,ROCKET_SEPARATION,0.00,0.53,P,N,28.43,5.14,97.32,0.06,-0.22,4.33
2082,,272,F,ROCKET_SEPARATION,0.00,0.40,P,N,28.32,5.06,97.32,-0.01,-0.11,-9.40
2082,,273,F,ROCKET_SEPARATION,0.00,0.22,P,N,28.37,5.01,97.28,-0.00,-0.07,29.36
2082,,274,F,ROCKET_SEPARATION,0.00,1.75,P,N,28.29,5.01,97.32,0.05,-0.15,-10.38
2082,,276,F,ROCKET_SEPARATION,0.00,1.60,P,N,28.27,5.09,97.32,-0.03,-0.19,-17.64
2082,,277,F,ROCKET_SEPARATION,0.00,0.91,P,N,28.31,5.15,97.32,0.01,-0.11,36.44
2082,,278,F,ROCKET_SEPARATION,0.00,0.58,P,N,28.32,5.14,97.32,0.04,-0.15,-0.49
2082,,279,F,ROCKET_SEPARATION,0.00,0.52,P,N,28.30,5.23,97.32,0.04,-0.14,-15.01
2082,,280,F,ROCKET_SEPARATION,0.00,0.48,P,N,28.63,5.19,97.32,0.06,-0.15,-40.22
2082,,281,F,ROCKET_SEPARATION,0.00,0.40,P,N,28.56,5.20,97.32,-0.72,-0.60,8.06
2082,,282,F,ROCKET_SEPARATION,0.00,0.43,P,N,28.57,5.21,97.33,-0.42,-0.79,-0.31
2082,,283,F,ROCKET_SEPARATION,0.00,0.44,P,N,28.64,5.34,97.33,-0.42,-0.79,-0.31
2082,,284,F,ROCKET_SEPARATION,0.00,0.27,P,N,28.70,5.35,97.32,-0.42,-0.79,-0.37
2082,,285,F,ROCKET_SEPARATION,0.00,0.34,P,N,28.79,5.39,97.33,-0.42,-0.78,-0.31
2082,,286,F,ROCKET_SEPARATION,0.00,0.42,P,N,28.86,5.44,97.33,-0.42,-0.79,-0.31
2082,,287,F,ROCKET_SEPARATION,0.00,0.23,P,N,28.95,5.39,97.33,-0.42,-0.79,-0.31
2082,,288,F,ROCKET_SEPARATION,0.00,0.21,P,N,29.02,5.38,97.33,-0.42,-0.79,-0.24
2082,,289,F,ROCKET_SEPARATION,0.00,0.16,P,N,28.97,5.29,97.34,-0.39,-0.79,0.79
2082,,290,F,ROCKET_SEPARATION,0.00,0.44,P,N,28.89,5.34,97.33,-0.43,-0.79,-1.16
2082,,291,F,ROCKET_SEPARATION,0.00,0.49,P,N,28.70,5.31,97.17,-0.25,-0.25,19.41
2082,,292,F,ASCENT,0.00,6.90,P,N,28.81,5.32,97.30,-0.05,-0.20,-37.11
2082,,293,F,DESCENT,3.32,8.82,P,N,29.15,5.24,97.12,-0.03,-0.14,-21.73
2082,,294,F,ASCENT,3.34,11.92,P,N,29.31,5.29,97.12,-0.01,-0.16,-2.93
2082,,296,F,ROCKET_SEPARATION,0.00,6.05,P,N,28.75,4.90,97.21,-0.06,-0.25,35.22
2082,,297,F,ROCKET_SEPARATION,7.71,3.48,P,N,28.99,4.91,97.07,0.01,-0.14,19.41
2082,,298,F,ASCENT,0.00,7.45,P,N,28.86,4.96,97.22,-0.02,-0.14,-15.93
2082,,299,F,DESCENT,0.00,9.86,P,N,28.66,4.90,97.23,-0.02,-0.14,-0.79
2082,,300,F,ROCKET_SEPARATION,0.00,5.69,P,N,28.78,4.96,97.24,-0.06,-0.13,13.61
2082,,302,F,ROCKET_SEPARATION,0.00,2.29,P,N,28.86,4.98,97.26,0.01,-0.13,-4.58
2082,,303,F,ROCKET_SEPARATION,0.00,1.43,P,N,28.88,5.04,97.26,0.03,-0.13,-3.48
2082,,304,F,ROCKET_SEPARATION,0.00,0.74,P,N,28.90,5.14,97.22,0.00,-0.18,-13.12
2082,,305,F,ROCKET_SEPARATION,0.00,2.21,P,N,28.77,5.17,97.28,0.01,-0.16,-2.56
2082,,306,F,ROCKET_SEPARATION,0.00,3.61,P,N,29.02,5.17,97.19,0.01,-0.15,-4.94
2082,,307,F,ROCKET_SEPARATION,0.00,5.68,P,N,29.07,5.18,97.28,-0.01,-0.16,-8.42
2082,,309,F,ROCKET_SEPARATION,0.00,3.51,P,N,29.09,5.01,97.20,0.03,-0.15,-2.69
2082,,310,F,ROCKET_SEPARATION,0.00,5.19,P,N,29.10,5.01,97.31,0.03,-0.17,-0.49
2082,,313,F,ROCKET_SEPARATION,0.00,7.12,P,N,29.22,4.90,97.19,-0.01,-0.15,-5.43
2082,,314,F,ASCENT,0.00,8.77,P,N,29.21,4.89,97.31,0.01,-0.16,2.75
2082,,315,F,DESCENT,0.00,9.76,P,N,29.33,4.78,97.31,-0.01,-0.18,8.79
2082,,316,F,ROCKET_SEPARATION,0.00,4.90,P,N,29.37,4.69,97.30,0.02,-0.18,-0.92
2082,,317,F,ROCKET_SEPARATION,0.00,3.07,P,N,29.33,4.71,97.19,-0.01,-0.17,6.53
2082,,318,F,ROCKET_SEPARATION,0.00,5.97,P,N,29.72,4.69,97.18,0.03,-0.17,-0.67
2082,,319,F,ROCKET_SEPARATION,0.00,3.53,P,N,29.56,4.68,97.19,0.02,-0.16,-6.84
2082,,320,F,ROCKET_SEPARATION,0.00,2.03,P,N,29.57,4.66,97.30,0.00,-0.16,-5.92
2082,,321,F,ROCKET_SEPARATION,0.00,6.02,P,N,29.48,4.62,97.30,-0.03,-0.12,-18.74
2082,,322,F,ROCKET_SEPARATION,0.00,3.15,P,N,29.33,4.60,97.30,0.13,-0.14,-5.43
2082,,323,F,ROCKET_SEPARATION,0.00,1.72,P,N,29.20,4.64,97.31,0.01,-0.16,-9.40
2082,,324,F,ROCKET_SEPARATION,0.00,1.17,P,N,29.20,4.65,97.29,-0.00,-0.09,33.45
2082,,325,F,ROCKET_SEPARATION,0.00,1.04,P,N,29.23,4.69,97.31,0.02,-0.17,18.43
2082,,326,F,ROCKET_SEPARATION,0.00,1.03,P,N,29.23,4.64,97.31,0.02,-0.15,17.03
2082,,327,F,ROCKET_SEPARATION,0.00,0.75,P,N,29.68,4.63,97.38,0.03,-0.18,-26.37
2082,,328,F,ROCKET_SEPARATION,0.00,3.36,P,N,29.48,4.54,97.31,-0.02,-0.17,38.45
2082,,329,F,ROCKET_SEPARATION,0.00,4.70,P,N,29.52,4.54,97.32,-0.01,-0.11,-19.10
2082,,330,F,ROCKET_SEPARATION,0.00,2.56,P,N,29.48,4.55,97.32,-0.67,0.09,6.16
2082,,331,F,ROCKET_SEPARATION,0.00,1.32,P,N,29.56,4.54,97.32,-0.07,-0.23,-36.19
2082,,332,F,ROCKET_SEPARATION,0.00,0.75,P,N,29.58,4.55,97.32,-0.41,-0.78,-0.55
2082,,333,F,ROCKET_SEPARATION,0.00,0.47,P,N,29.60,4.59,97.32,-0.50,-0.84,-2.81
2082,,334,F,ROCKET_SEPARATION,0.00,0.25,P,N,29.55,4.73,97.32,-0.56,-0.90,-6.04
2082,,335,F,ROCKET_SEPARATION,0.00,0.21,P,N,29.54,4.60,97.32,-0.27,-1.01,-0.49
2082,,336,F,ROCKET_SEPARATION,0.00,0.36,P,N,29.56,4.54,97.33,-0.47,-0.88,-4.94
2082,,337,F,ROCKET_SEPARATION,0.00,0.61,P,N,29.57,4.55,97.33,-0.39,-0.89,-2.93
2082,,338,F,ROCKET_SEPARATION,0.00,0.37,P,N,29.58,4.56,97.32,-0.50,-0.78,0.31
2082,,339,F,ROCKET_SEPARATION,0.00,0.31,P,N,29.59,4.57,97.26,-0.48,-0.77,-0.31
2082,,340,F,ROCKET_SEPARATION,0.00,2.76,P,N,29.62,4.55,97.32,-0.48,-0.77,-0.24
2082,,341,F,ROCKET_SEPARATION,0.00,3.81,P,N,29.59,4.50,97.32,-0.48,-0.77,-0.24
2082,,342,F,ROCKET_SEPARATION,0.00,2.07,P,N,29.61,4.50,97.32,-0.48,-0.77,-0.24
2082,,343,F,ROCKET_SEPARATION,0.00,1.26,P,N,29.60,4.52,97.32,-0.48,-0.77,-0.18
2082,,344,F,ROCKET_SEPARATION,0.00,0.76,P,N,29.60,4.52,97.32,-0.48,-0.77,-0.24
2082,,345,F,ROCKET_SEPARATION,0.00,0.53,P,N,29.62,4.51,97.32,-0.48,-0.77,-0.37
2082,,346,F,ROCKET_SEPARATION,0.00,0.30,P,N,29.64,4.52,97.32,-0.48,-0.77,-0.24
2082,,347,F,ROCKET_SEPARATION,0.00,0.37,P,N,29.65,4.58,97.25,-0.48,-0.77,-0.24
2082,,348,F,ROCKET_SEPARATION,0.00,3.19,P,N,29.74,4.55,97.25,-0.48,-0.77,-0.31
2082,,349,F,ROCKET_SEPARATION,0.00,1.62,P,N,29.86,4.49,97.25,-0.48,-0.77,-0.31
2082,,350,F,ROCKET_SEPARATION,0.00,0.84,P,N,29.96,4.49,97.25,-0.48,-0.77,-0.24
2082,,351,F,ROCKET_SEPARATION,0.00,0.56,P,N,30.09,4.46,97.26,-0.48,-0.77,-0.24
2082,,352,F,ROCKET_SEPARATION,0.00,0.43,P,N,30.18,4.45,97.25,-0.48,-0.77,-0.31
2082,,353,F,ROCKET_SEPARATION,0.00,0.33,P,N,30.32,4.44,97.25,-0.51,-0.71,-0.73
2082,,354,F,ROCKET_SEPARATION,0.00,0.34,P,N,30.48,4.42,97.32,0.01,-0.11,-35.46
2082,,355,F,ROCKET_SEPARATION,0.00,3.15,P,N,30.59,4.34,97.31,-0.84,0.59,0.67
2082,,356,F,ROCKET_SEPARATION,0.00,1.93,P,N,30.54,4.29,97.31,-0.40,0.33,-56.34
2082,,357,F,ROCKET_SEPARATION,0.00,0.96,P,N,30.57,4.26,97.29,-0.14,0.20,2.44
2082,,358,F,ROCKET_SEPARATION,0.00,1.17,P,N,30.50,4.29,97.30,-0.69,-0.22,24.96
2082,,359,F,ROCKET_SEPARATION,0.00,0.81,P,N,30.48,4.29,97.30,-0.39,-0.95,17.27
2082,,360,F,ROCKET_SEPARATION,0.00,0.50,P,N,30.43,4.29,97.29,-0.03,-0.12,13.31
2082,,361,F,ROCKET_SEPARATION,0.00,0.74,P,N,30.41,4.29,97.29,0.09,-0.08,6.77
2082,,362,F,ROCKET_SEPARATION,0.00,0.38,P,N,30.42,4.31,97.29,0.03,-0.14,-1.53
2082,,363,F,ROCKET_SEPARATION,0.00,0.28,P,N,30.35,4.29,97.29,0.04,-0.14,-4.70
2082,,364,F,ROCKET_SEPARATION,0.00,0.17,P,N,30.35,4.29,97.29,0.07,-0.02,-24.48
2082,,365,F,ROCKET_SEPARATION,0.00,0.15,P,N,30.34,4.30,97.29,0.00,-0.15,-9.58
2082,,366,F,ROCKET_SEPARATION,0.00,0.08,P,N,30.32,4.29,97.29,-0.01,-0.11,-0.73
2082,,367,F,ROCKET_SEPARATION,0.00,0.08,P,N,30.31,4.29,97.29,-0.00,-0.14,-1.53
2082,,368,F,ROCKET_SEPARATION,0.00,0.04,P,N,30.26,4.26,97.29,0.02,-0.13,4.58
2082,,369,F,ROCKET_SEPARATION,0.00,0.12,P,N,30.22,4.24,97.29,0.02,-0.11,5.13
2082,,370,F,ROCKET_SEPARATION,0.00,0.08,P,N,30.20,4.24,97.29,-0.03,-0.11,5.68
2082,,371,F,ROCKET_SEPARATION,0.00,0.13,P,N,30.19,4.26,97.29,-0.04,-0.12,0.73
2082,,372,F,ROCKET_SEPARATION,0.00,0.07,P,N,30.15,4.27,97.30,-0.02,-0.12,5.55
2082,,373,F,ROCKET_SEPARATION,0.00,0.23,P,N,30.10,4.28,97.29,-0.03,-0.14,-0.85
2082,,374,F,ROCKET_SEPARATION,0.00,0.27,P,N,30.05,4.27,97.29,-0.06,-0.12,4.64
2082,,375,F,ROCKET_SEPARATION,0.00,0.18,P,N,30.00,4.26,97.29,-0.03,-0.11,-1.10
2082,,376,F,ROCKET_SEPARATION,0.00,0.24,P,N,29.95,4.25,97.29,-0.02,-0.10,2.81
2082,,377,F,ROCKET_SEPARATION,0.00,0.36,P,N,29.92,4.27,97.29,-0.03,-0.11,1.40
2082,,378,F,ROCKET_SEPARATION,0.00,0.41,P,N,29.92,4.29,97.29,0.01,-0.11,6.35
2082,,379,F,ROCKET_SEPARATION,0.00,0.40,P,N,29.92,4.29,97.28,-0.02,-0.11,-1.77
2082,,380,F,ROCKET_SEPARATION,0.00,0.41,P,N,29.93,4.31,97.29,-0.02,-0.12,0.12
2082,,382,F,ROCKET_SEPARATION,0.00,0.58,P,N,29.90,4.31,97.29,0.01,-0.12,13.24
2082,,383,F,ROCKET_SEPARATION,0.00,0.34,P,N,29.89,4.31,97.29,0.02,-0.14,-15.93
2082,,384,F,ROCKET_SEPARATION,0.00,0.18,P,N,29.89,4.31,97.28,-0.01,-0.13,-17.52
2082,,385,F,ROCKET_SEPARATION,0.00,0.24,P,N,29.78,4.27,97.29,0.02,-0.12,6.96
2082,,386,F,ROCKET_SEPARATION,0.00,0.39,P,N,29.81,4.28,97.29,-0.01,-0.15,-11.60
2082,,387,F,ROCKET_SEPARATION,0.00,0.23,P,N,29.80,4.26,97.29,0.00,-0.11,4.27
2082,,388,F,ROCKET_SEPARATION,0.00,0.13,P,N,29.79,4.29,97.29,-0.01,-0.12,1.59
2082,,389,F,ROCKET_SEPARATION,0.00,0.09,P,N,29.78,4.29,97.29,-0.00,-0.12,1.46
2082,,391,F,ROCKET_SEPARATION,0.00,0.06,P,N,29.83,4.28,97.29,-0.01,-0.14,-1.40
2082,,392,F,ROCKET_SEPARATION,0.00,0.16,P,N,29.86,4.26,97.30,0.06,-0.10,-10.99
2082,,393,F,ROCKET_SEPARATION,0.00,0.50,P,N,29.84,4.26,97.28,-0.01,-0.09,9.77
2082,,394,F,ROCKET_SEPARATION,0.00,0.83,P,N,29.84,4.25,97.28,0.06,-0.07,-5.31
2082,,395,F,ROCKET_SEPARATION,0.00,0.59,P,N,29.85,4.25,97.28,-0.04,-0.10,4.33
2082,,396,F,ROCKET_SEPARATION,0.00,0.42,P,N,29.84,4.24,97.29,-0.01,-0.07,23.99
2082,,397,F,ROCKET_SEPARATION,0.00,0.36,P,N,29.86,4.26,97.29,-0.01,-0.15,-0.43
2082,,399,F,ROCKET_SEPARATION,0.00,0.22,P,N,29.90,4.28,97.29,-0.00,-0.23,7.63
2082,,400,F,ROCKET_SEPARATION,0.00,0.35,P,N,29.95,4.27,97.28,0.01,-0.10,-28.87
2082,,401,F,ROCKET_SEPARATION,0.00,0.63,P,N,30.09,4.28,97.29,-0.00,-0.12,17.70
2082,,402,F,ROCKET_SEPARATION,1.44,0.44,P,N,30.32,4.28,97.15,0.01,-0.08,-4.76
2082,,403,F,ASCENT,0.00,6.19,P,N,30.57,4.26,97.17,0.00,-0.11,28.26
2082,,404,F,ROCKET_SEPARATION,0.00,4.23,P,N,30.79,4.21,97.29,-0.07,-0.16,0.92
2082,,405,F,ROCKET_SEPARATION,0.00,7.21,P,N,30.71,4.18,97.29,0.05,-0.06,-1.71
2082,,406,F,ROCKET_SEPARATION,0.00,3.72,P,N,30.68,4.17,97.29,-0.01,-0.13,-8.30
2082,,407,F,ROCKET_SEPARATION,0.00,1.87,P,N,30.69,4.19,97.29,0.04,-0.12,-1.04
2082,,408,F,ROCKET_SEPARATION,0.00,1.11,P,N,30.65,4.16,97.29,-0.03,-0.11,-2.20
2082,,409,F,ROCKET_SEPARATION,0.00,0.76,P,N,30.66,4.16,97.29,-0.04,-0.11,1.22
2082,,410,F,ROCKET_SEPARATION,0.00,0.66,P,N,30.67,4.16,97.29,-0.01,-0.12,-0.31
2082,,411,F,ROCKET_SEPARATION,0.00,0.46,P,N,30.71,4.14,97.29,-0.02,-0.11,8.67
2082,,412,F,ROCKET_SEPARATION,0.00,0.30,P,N,30.72,4.12,97.29,-0.03,-0.10,11.11
2082,,413,F,ROCKET_SEPARATION,0.00,0.37,P,N,30.72,4.12,97.29,-0.04,-0.13,-12.02
2082,,414,F,ROCKET_SEPARATION,0.00,0.49,P,N,30.69,4.10,97.29,-0.01,-0.09,3.17
2082,,415,F,ROCKET_SEPARATION,0.00,0.25,P,N,30.71,4.09,97.29,-0.07,-0.09,5.43
2082,,416,F,ROCKET_SEPARATION,0.00,0.25,P,N,30.73,4.09,97.29,0.03,-0.06,16.97
2082,,417,F,ROCKET_SEPARATION,0.00,0.19,P,N,30.70,4.06,97.29,-0.02,-0.11,4.70
2082,,418,F,ROCKET_SEPARATION,0.00,0.20,P,N,30.71,4.06,97.29,-0.01,-0.11,2.75
2082,,419,F,ROCKET_SEPARATION,0.00,0.13,P,N,30.71,4.06,97.30,-0.01,-0.13,2.50
2082,,420,F,ROCKET_SEPARATION,0.00,0.24,P,N,30.75,4.06,97.29,-0.04,-0.14,0.12
2082,,421,F,ROCKET_SEPARATION,0.00,0.30,P,N,30.77,4.06,97.29,-0.03,-0.13,-1.16
2082,,422,F,ROCKET_SEPARATION,0.00,0.25,P,N,30.77,4.05,97.29,-0.01,-0.11,-5.19
2082,,423,F,ROCKET_SEPARATION,0.00,0.15,P,N,30.77,4.06,97.29,0.02,-0.09,7.32
2082,,424,F,ROCKET_SEPARATION,0.00,0.13,P,N,30.76,4.03,97.29,-0.02,-0.13,-3.78
2082,,425,F,ROCKET_SEPARATION,0.00,0.09,P,N,30.78,4.03,97.29,0.01,-0.11,-5.62
2082,,426,F,ROCKET_SEPARATION,0.00,0.08,P,N,30.79,4.05,97.29,0.03,-0.09,-0.12
2082,,427,F,ROCKET_SEPARATION,0.00,0.06,P,N,30.81,4.04,97.29,0.02,-0.07,7.39
2082,,428,F,ROCKET_SEPARATION,0.00,0.06,P,N,30.83,4.04,97.29,0.07,-0.10,1.89
2082,,429,F,ROCKET_SEPARATION,0.00,0.09,P,N,30.83,4.04,97.29,0.06,-0.10,-10.07
2082,,430,F,ROCKET_SEPARATION,0.00,0.10,P,N,30.87,4.04,97.29,0.06,-0.11,-4.88
2082,,431,F,ROCKET_SEPARATION,0.00,0.11,P,N,30.89,4.04,97.29,0.03,-0.06,-3.54
2082,,432,F,ROCKET_SEPARATION,0.00,0.29,P,N,30.90,4.05,97.29,0.00,-0.09,-4.76
2082,,433,F,ROCKET_SEPARATION,0.00,0.30,P,N,30.90,4.05,97.29,0.08,-0.11,-17.27
2082,,434,F,ROCKET_SEPARATION,0.00,0.32,P,N,30.90,4.05,97.29,0.00,-0.15,-4.70
2082,,435,F,ROCKET_SEPARATION,0.00,0.45,P,N,30.94,4.04,97.29,0.01,-0.15,-3.05
2082,,436,F,ROCKET_SEPARATION,0.00,0.33,P,N,30.94,4.05,97.29,0.01,-0.11,-0.49
2082,,437,F,ROCKET_SEPARATION,0.00,0.31,P,N,30.95,4.04,97.28,0.03,-0.09,0.79
2082,,438,F,ROCKET_SEPARATION,0.00,0.32,P,N,30.97,4.04,97.29,0.03,-0.10,-8.24
2082,,439,F,ROCKET_SEPARATION,0.00,0.46,P,N,30.96,4.03,97.29,-0.00,-0.09,0.43
2082,,440,F,ROCKET_SEPARATION,0.00,0.26,P,N,30.98,4.04,97.30,0.07,-0.12,-9.28
2082,,441,F,ROCKET_SEPARATION,0.00,0.58,P,N,30.99,4.04,97.30,0.02,-0.12,2.75
2082,,442,F,ROCKET_SEPARATION,0.00,0.47,P,N,31.00,4.04,97.30,0.01,-0.15,0.06
2082,,443,F,ROCKET_SEPARATION,0.00,0.25,P,N,31.03,4.05,97.29,-0.00,-0.14,-8.97
2082,,444,F,ROCKET_SEPARATION,0.00,0.18,P,N,31.05,4.04,97.29,-0.03,-0.10,0.12
2082,,445,F,ROCKET_SEPARATION,0.00,0.09,P,N,31.06,4.03,97.29,0.01,-0.08,3.17
2082,,446,F,ROCKET_SEPARATION,0.00,0.15,P,N,31.05,4.04,97.29,0.00,-0.04,24.05
2082,,447,F,ROCKET_SEPARATION,0.00,0.19,P,N,31.07,4.04,97.28,-0.09,-0.21,1.77
2082,,448,F,ROCKET_SEPARATION,0.00,0.35,P,N,31.08,4.03,97.28,-0.13,-0.27,1.77
2082,,449,F,ROCKET_SEPARATION,0.00,0.19,P,N,31.07,4.03,97.29,0.03,-0.34,-8.67
2082,,450,F,ROCKET_SEPARATION,0.00,0.24,P,N,31.11,4.03,97.28,0.00,-0.29,-3.30
2082,,451,F,ROCKET_SEPARATION,0.00,0.28,P,N,31.12,4.03,97.29,-0.02,-0.28,-1.40
2082,,452,F,ROCKET_SEPARATION,0.00,0.45,P,N,31.14,4.03,97.29,-0.03,-0.29,0.37
2082,,453,F,ROCKET_SEPARATION,0.00,0.27,P,N,31.14,4.04,97.28,-0.04,-0.28,2.01
2082,,454,F,ROCKET_SEPARATION,0.00,0.36,P,N,31.17,4.02,97.28,-0.04,-0.28,1.22
2082,,455,F,ROCKET_SEPARATION,0.00,0.23,P,N,31.19,4.03,97.29,-0.05,-0.32,-7.14
2082,,456,F,ROCKET_SEPARATION,0.00,0.24,P,N,31.17,4.04,97.28,0.08,-0.22,19.41
2082,,457,F,ROCKET_SEPARATION,0.00,0.20,P,N,31.17,4.01,97.28,0.34,-0.19,5.55
2082,,458,F,ROCKET_SEPARATION,0.00,0.26,P,N,31.12,4.01,97.28,0.32,-0.21,-20.02
2082,,459,F,ROCKET_SEPARATION,0.00,0.14,P,N,31.10,4.02,97.28,0.35,-0.20,-12.08
2082,,460,F,ROCKET_SEPARATION,0.00,0.11,P,N,31.09,4.01,97.28,0.26,-0.22,-1.34
2082,,461,F,ROCKET_SEPARATION,0.00,0.06,P,N,31.08,4.03,97.28,-0.13,-0.93,32.17
2082,,462,F,ROCKET_SEPARATION,0.00,0.25,P,N,31.05,4.03,97.28,-0.48,-0.82,7.45
2082,,463,F,ROCKET_SEPARATION,0.00,0.35,P,N,31.02,4.04,97.28,-0.05,-0.99,-11.35
2082,,464,F,ROCKET_SEPARATION,0.00,0.23,P,N,30.97,4.01,97.28,0.03,-0.80,-14.59
2082,,510,F,ROCKET_SEPARATION,0.00,0.42,P,N,29.31,4.30,97.30,0.24,0.51,-0.18
2082,,511,F,ROCKET_SEPARATION,0.00,0.40,P,N,29.32,4.33,97.30,0.24,0.51,-0.24
2082,,512,F,ROCKET_SEPARATION,0.00,0.29,P,N,29.35,4.30,97.31,0.24,0.51,-0.18
2082,,513,F,ROCKET_SEPARATION,0.00,0.30,P,N,29.37,4.31,97.31,0.24,0.50,-0.18
2082,,514,F,ROCKET_SEPARATION,0.00,0.23,P,N,29.16,4.27,97.32,0.28,0.55,1.22
2082,,515,F,ROCKET_SEPARATION,0.00,0.53,P,N,29.13,4.26,97.28,0.21,0.18,14.40
2082,,516,F,ROCKET_SEPARATION,0.00,1.82,P,N,29.07,4.24,97.24,0.22,0.19,-1.53
2082,,520,F,ROCKET_SEPARATION,2.86,2.13,P,N,28.80,4.24,97.13,0.21,0.18,3.60
2082,,530,F,ROCKET_SEPARATION,3.81,0.53,P,N,28.38,4.42,97.12,0.21,0.12,1.53
2082,,531,F,ROCKET_SEPARATION,3.89,0.38,P,N,28.37,4.45,97.12,0.20,0.13,2.81
2082,,534,F,ROCKET_SEPARATION,5.15,0.22,P,N,28.19,4.44,97.10,0.20,0.12,5.86
2082,,535,F,ROCKET_SEPARATION,6.67,0.41,P,N,28.18,4.45,97.09,0.20,0.13,-1.34
2082,,536,F,ROCKET_SEPARATION,7.90,0.97,P,N,28.14,4.46,97.07,0.21,0.13,0.43
2082,,543,F,ROCKET_SEPARATION,8.40,0.31,P,N,27.43,4.55,97.07,0.20,0.13,6.04
2082,,563,F,ROCKET_SEPARATION,10.17,0.44,P,N,26.84,5.00,97.05,0.21,0.12,4.15
2082,,564,F,ROCKET_SEPARATION,12.26,0.83,P,N,26.83,5.02,97.02,0.21,0.14,-0.43
2082,,584,F,ROCKET_SEPARATION,11.74,1.68,P,N,26.52,5.44,97.03,0.25,0.15,-2.38
2082,,587,F,ROCKET_SEPARATION,9.68,0.93,P,N,26.53,5.55,97.05,0.21,0.11,-7.14
2082,,591,F,ROCKET_SEPARATION,3.67,1.04,P,N,26.52,5.44,97.12,0.23,0.13,35.77
2082,,593,F,ROCKET_SEPARATION,0.00,2.10,P,N,26.59,5.46,97.17,0.22,0.13,2.62
2082,,594,F,ROCKET_SEPARATION,0.00,1.87,P,N,26.56,5.49,97.20,0.25,0.18,52.06
2082,,595,F,ROCKET_SEPARATION,0.00,2.23,P,N,26.60,5.54,97.22,0.20,0.10,6.71
2082,,599,F,ROCKET_SEPARATION,0.00,1.43,P,N,26.67,5.76,97.29,0.23,0.11,-0.55
2082,,600,F,ROCKET_SEPARATION,0.00,1.52,P,N,26.69,5.74,97.28,0.21,0.12,6.23
2082,,602,F,ROCKET_SEPARATION,0.00,0.46,P,N,26.73,5.77,97.28,0.21,0.12,1.83
2082,,603,F,ROCKET_SEPARATION,0.00,0.25,P,N,26.75,5.77,97.28,0.32,0.04,-8.73
2082,,604,F,ROCKET_SEPARATION,0.00,0.27,P,N,26.76,5.79,97.29,0.22,0.11,-17.64
2082,,605,F,ROCKET_SEPARATION,0.00,0.43,P,N,26.79,5.81,97.28,0.22,0.10,-23.44
2082,,607,F,ROCKET_SEPARATION,0.00,0.50,P,N,26.83,5.94,97.29,0.24,0.09,-2.75
2082,,608,F,ROCKET_SEPARATION,0.00,0.41,P,N,26.85,5.93,97.30,0.22,0.11,-34.85
2082,,609,F,ROCKET_SEPARATION,0.00,0.34,P,N,26.88,6.06,97.30,0.26,0.20,-4.15
2082,,612,F,ROCKET_SEPARATION,0.00,0.23,P,N,26.94,6.09,97.29,0.22,0.05,16.85
2082,,613,F,ROCKET_SEPARATION,0.00,0.24,P,N,26.96,6.14,97.30,0.04,0.09,8.73
2082,,614,F,ROCKET_SEPARATION,0.00,0.17,P,N,26.97,6.06,97.29,0.13,0.11,-8.36
2082,,615,F,ROCKET_SEPARATION,0.00,0.29,P,N,27.00,6.09,97.30,0.21,0.11,-0.24
2082,,616,F,ROCKET_SEPARATION,0.00,0.57,P,N,27.02,6.18,97.29,0.23,0.13,5.07
2082,,618,F,ROCKET_SEPARATION,0.00,0.36,P,N,27.06,6.37,97.30,0.21,0.10,-0.31
2082,,619,F,ROCKET_SEPARATION,0.00,0.45,P,N,27.07,6.23,97.30,0.22,0.12,6.71
2082,,620,F,ROCKET_SEPARATION,0.00,0.27,P,N,27.11,6.21,97.30,0.22,0.16,6.53
2082,,623,F,ROCKET_SEPARATION,0.00,0.07,P,N,27.18,6.06,97.30,0.29,0.04,2.20
2082,,624,F,ROCKET_SEPARATION,0.00,0.04,P,N,27.20,6.00,97.29,0.28,0.14,41.20
2082,,625,F,ROCKET_SEPARATION,0.00,0.17,P,N,27.20,5.95,97.29,0.29,0.11,-1.22
2082,,626,F,ROCKET_SEPARATION,0.00,0.12,P,N,27.19,5.93,97.30,0.27,0.09,21.12
2082,,627,F,ROCKET_SEPARATION,0.00,0.19,P,N,27.19,5.91,97.30,0.37,-0.10,-44.19
2082,,628,F,ROCKET_SEPARATION,0.00,0.11,P,N,27.18,5.91,97.30,0.28,0.14,7.75
2082,,629,F,ROCKET_SEPARATION,0.00,0.09,P,N,27.20,5.92,97.30,0.22,0.11,-1.04
2082,,630,F,ROCKET_SEPARATION,0.00,0.08,P,N,27.20,5.90,97.30,0.26,0.10,7.87
2082,,631,F,ROCKET_SEPARATION,0.00,0.05,P,N,27.21,5.90,97.30,0.21,0.07,-1.46
2082,,632,F,ROCKET_SEPARATION,0.00,0.09,P,N,27.21,5.88,97.30,0.24,0.10,4.64
2082,,633,F,ROCKET_SEPARATION,0.00,0.14,P,N,27.22,5.86,97.30,0.30,0.10,25.21
2082,,635,F,ROCKET_SEPARATION,0.00,0.23,P,N,27.29,5.97,97.30,0.22,0.14,2.38
2082,,636,F,ROCKET_SEPARATION,0.00,0.36,P,N,27.31,5.95,97.30,0.22,0.13,-4.46
2082,,637,F,ROCKET_SEPARATION,0.00,0.34,P,N,27.34,5.96,97.30,0.26,0.13,-4.03
2082,,638,F,ROCKET_SEPARATION,0.00,0.21,P,N,27.38,5.99,97.30,0.22,0.15,4.27
2082,,639,F,ROCKET_SEPARATION,0.00,0.11,P,N,27.41,5.96,97.30,0.24,0.12,1.10
2082,,640,F,ROCKET_SEPARATION,0.00,0.16,P,N,27.44,5.92,97.30,0.25,0.13,-4.03
2082,,641,F,ROCKET_SEPARATION,0.00,0.09,P,N,27.47,5.93,97.30,0.22,0.12,-1.53
2082,,642,F,ROCKET_SEPARATION,0.00,0.14,P,N,27.50,5.91,97.30,0.22,0.11,-1.65
2082,,643,F,ROCKET_SEPARATION,0.00,0.11,P,N,27.54,5.89,97.30,0.24,0.11,-0.31
2082,,646,F,ROCKET_SEPARATION,0.00,0.41,P,N,27.63,5.84,97.30,0.20,0.17,0.98
2082,,648,F,ROCKET_SEPARATION,0.00,0.38,P,N,27.70,5.78,97.30,0.19,0.15,-0.24
2082,,651,F,ROCKET_SEPARATION,0.00,0.33,P,N,27.81,5.80,97.30,0.22,0.19,-3.23
2082,,652,F,ROCKET_SEPARATION,0.00,0.19,P,N,27.84,5.82,97.30,0.24,0.15,2.99
2082,,653,F,ROCKET_SEPARATION,0.00,0.15,P,N,27.87,5.83,97.29,0.26,0.19,6.16
2082,,654,F,ROCKET_SEPARATION,0.00,0.31,P,N,27.90,5.81,97.30,0.21,0.14,-3.78
2082,,657,F,ROCKET_SEPARATION,0.00,0.15,P,N,28.00,5.76,97.30,0.23,0.16,-5.80
2082,,658,F,ROCKET_SEPARATION,0.00,0.11,P,N,28.04,5.74,97.30,0.23,0.15,-1.95
2082,,659,F,ROCKET_SEPARATION,0.00,0.08,P,N,28.07,5.74,97.30,0.23,0.17,-2.32
2082,,660,F,ROCKET_SEPARATION,0.00,0.16,P,N,28.10,5.74,97.30,0.23,0.18,-3.17
2082,,661,F,ROCKET_SEPARATION,0.00,0.09,P,N,28.14,5.72,97.30,0.24,0.17,-2.62
2082,,662,F,ROCKET_SEPARATION,0.00,0.14,P,N,28.17,5.66,97.30,0.23,0.15,-1.34
2082,,663,F,ROCKET_SEPARATION,0.00,0.21,P,N,28.19,5.64,97.30,0.23,0.17,2.93
2082,,664,F,ROCKET_SEPARATION,0.00,0.14,P,N,28.21,5.64,97.30,0.22,0.16,-0.55
2082,,665,F,ROCKET_SEPARATION,0.00,0.13,P,N,28.25,5.66,97.30,0.23,0.14,-1.04
2082,,666,F,ROCKET_SEPARATION,0.00,0.34,P,N,28.28,5.66,97.30,0.22,0.15,-0.31
2082,,667,F,ROCKET_SEPARATION,0.00,0.34,P,N,28.30,5.61,97.30,0.23,0.15,-0.18
2082,,668,F,ROCKET_SEPARATION,0.00,0.34,P,N,28.34,5.57,97.31,0.24,0.16,-1.04
2082,,669,F,ROCKET_SEPARATION,0.00,0.68,P,N,28.36,5.48,97.30,0.23,0.14,1.04
2082,,670,F,ROCKET_SEPARATION,0.00,0.65,P,N,28.38,5.42,97.30,0.24,0.14,-1.83
2082,,671,F,ROCKET_SEPARATION,0.00,0.36,P,N,28.41,5.38,97.29,0.24,0.14,3.23
2082,,672,F,ROCKET_SEPARATION,0.00,0.49,P,N,28.42,5.36,97.30,0.19,0.09,0.55
2082,,673,F,ROCKET_SEPARATION,0.00,0.46,P,N,28.45,5.34,97.30,0.21,0.15,5.00
2082,,674,F,ROCKET_SEPARATION,0.00,0.42,P,N,28.46,5.29,97.30,0.24,0.18,7.08
2082,,675,F,ROCKET_SEPARATION,0.00,0.28,P,N,28.48,5.19,97.30,0.32,0.13,-9.70
2082,,677,F,ROCKET_SEPARATION,0.00,0.13,P,N,28.47,5.16,97.30,0.20,0.06,0.55
2082,,678,F,ROCKET_SEPARATION,0.00,0.15,P,N,28.45,5.15,97.30,0.29,0.28,-5.62
2082,,679,F,ROCKET_SEPARATION,0.00,0.12,P,N,28.46,5.14,97.30,0.19,0.12,0.00
2082,,681,F,ROCKET_SEPARATION,0.00,0.45,P,N,28.49,5.15,97.30,0.13,0.21,-1.22
2082,,683,F,ROCKET_SEPARATION,0.00,0.55,P,N,28.51,5.19,97.30,0.09,0.19,0.49
2082,,684,F,ROCKET_SEPARATION,0.00,0.58,P,N,28.52,5.17,97.30,0.32,0.23,15.81
2082,,686,F,ROCKET_SEPARATION,0.00,0.41,P,N,28.55,5.06,97.30,0.14,0.15,7.39
2082,,687,F,ROCKET_SEPARATION,0.00,0.47,P,N,28.54,5.10,97.29,-0.02,0.26,-29.60
2082,,689,F,ROCKET_SEPARATION,0.00,0.29,P,N,28.57,5.02,97.29,0.08,0.15,1.16
2082,,690,F,ROCKET_SEPARATION,0.00,0.27,P,N,28.60,5.04,97.29,0.23,0.22,12.70
2082,,692,F,ROCKET_SEPARATION,0.00,0.28,P,N,28.67,4.98,97.29,0.14,0.15,21.24
2082,,695,F,ROCKET_SEPARATION,0.00,0.33,P,N,28.73,5.09,97.30,0.19,0.16,4.58
2082,,696,F,ROCKET_SEPARATION,0.00,0.38,P,N,28.74,5.09,97.30,0.18,0.10,-3.72
2082,,715,F,ROCKET_SEPARATION,0.00,0.15,P,N,28.96,5.08,97.30,-0.18,0.51,-0.24
2082,,762,F,ROCKET_SEPARATION,0.00,0.13,P,N,29.62,4.33,97.29,-0.18,0.51,-0.24
2082,,775,F,ROCKET_SEPARATION,0.00,0.22,P,N,29.83,4.22,97.30,-0.18,0.51,-0.24
2082,,790,F,ROCKET_SEPARATION,0.00,0.11,P,N,29.90,4.20,97.30,-0.18,0.51,-0.18
2082,,791,F,ROCKET_SEPARATION,0.00,0.06,P,N,29.94,4.26,97.30,-0.18,0.51,-0.24
2082,,792,F,ROCKET_SEPARATION,0.00,0.04,P,N,29.98,4.31,97.30,-0.18,0.52,-0.18
2082,,793,F,ROCKET_SEPARATION,0.00,0.13,P,N,30.03,4.36,97.30,-0.18,0.52,-0.24
2082,,795,F,ROCKET_SEPARATION,0.00,0.10,P,N,30.07,4.31,97.29,-0.18,0.51,-0.12
2082,,798,F,ROCKET_SEPARATION,0.00,0.17,P,N,30.16,4.33,97.30,-0.18,0.51,-0.24
2082,,799,F,ROCKET_SEPARATION,0.00,0.17,P,N,30.14,4.26,97.30,-0.18,0.52,-0.18
2082,,803,F,ROCKET_SEPARATION,0.00,0.15,P,N,30.01,4.13,97.29,-0.18,0.51,-0.18
2082,,807,F,ROCKET_SEPARATION,0.00,0.11,P,N,29.97,4.12,97.29,-0.18,0.51,-0.18
2082,,820,F,ROCKET_SEPARATION,0.00,0.08,P,N,30.27,4.14,97.29,-0.18,0.51,-0.18
2082,,821,F,ROCKET_SEPARATION,0.00,0.28,P,N,30.30,4.18,97.29,-0.18,0.52,-0.18
2082,,822,F,ROCKET_SEPARATION,0.00,0.20,P,N,30.31,4.21,97.29,-0.18,0.52,-0.18
2082,,827,F,ROCKET_SEPARATION,0.00,0.25,P,N,30.31,4.06,97.29,-0.18,0.52,-0.24
2082,,832,F,ROCKET_SEPARATION,0.00,0.10,P,N,30.35,4.17,97.29,-0.18,0.51,-0.24
2082,,835,F,ROCKET_SEPARATION,0.00,0.41,P,N,30.26,4.11,97.29,-0.18,0.52,-0.31
2082,,839,F,ROCKET_SEPARATION,0.00,0.20,P,N,30.33,4.06,97.29,-0.18,0.52,-0.18
2082,,842,F,ROCKET_SEPARATION,0.00,0.32,P,N,30.37,4.09,97.30,-0.18,0.51,-0.18
2082,,843,F,ROCKET_SEPARATION,0.00,0.43,P,N,30.37,4.08,97.29,-0.18,0.51,-0.18
2082,,844,F,ROCKET_SEPARATION,0.00,0.44,P,N,30.36,4.09,97.30,-0.18,0.52,-0.24
2082,,854,F,ROCKET_SEPARATION,0.00,0.29,P,N,30.12,4.05,97.29,-0.18,0.51,-0.18
2082,,857,F,ROCKET_SEPARATION,0.00,0.17,P,N,30.12,4.04,97.29,-0.18,0.52,-0.18
2082,,860,F,ROCKET_SEPARATION,0.00,0.14,P,N,30.10,4.06,97.29,-0.16,0.53,-0.18
2082,,864,F,ROCKET_SEPARATION,0.00,0.22,P,N,30.08,4.06,97.29,-0.16,0.53,-0.18
2082,13:51:00,26,F,,23.20,0.15,N,N,35.33,3.92,96.96,-0.74,0.63,-0.12
2082,13:51:02,27,F,,23.23,0.10,N,N,35.36,3.93,96.96,-0.74,0.63,-0.18
2082,13:51:04,28,F,,23.51,0.06,N,N,35.40,3.92,96.95,-0.74,0.63,-0.12
2082,13:51:06,29,F,,23.35,0.17,N,N,35.41,3.91,96.96,-0.74,0.63,-0.12
2082,13:51:08,30,F,,23.06,0.16,N,N,35.44,3.91,96.96,-0.74,0.63,-0.18
2082,13:51:11,31,F,,23.47,0.23,N,N,35.48,3.92,96.95,-0.74,0.63,-0.12
2082,13:51:13,32,F,,22.67,0.32,N,N,35.50,3.92,96.96,-0.74,0.63,-0.18
2082,13:51:15,33,F,,23.00,0.56,N,N,35.55,3.91,96.96,-0.74,0.63,-0.06
2082,13:51:17,34,F,,23.10,0.45,N,N,35.57,3.92,96.96,-0.74,0.63,0.00
2082,13:51:19,35,F,,23.30,0.27,N,N,35.59,3.93,96.96,-0.74,0.63,-0.06
2082,13:51:21,36,F,,23.21,0.23,N,N,35.61,3.91,96.96,-0.74,0.63,-0.06
2082,13:51:24,37,F,,22.81,0.16,N,N,35.61,3.93,96.96,-0.74,0.63,-0.12
2082,13:51:26,38,F,,23.09,0.28,N,N,35.63,3.92,96.96,-0.74,0.63,-0.12
2082,13:51:28,39,F,,22.88,0.28,N,N,35.67,3.93,96.96,-0.74,0.63,-0.12
2082,13:51:30,40,F,,23.11,0.25,N,N,35.65,3.91,96.96,-0.74,0.63,-0.06
2082,13:51:32,41,F,,23.01,0.24,N,N,35.64,3.91,96.96,-0.74,0.63,-0.06
2082,13:51:34,42,F,,22.98,0.17,N,N,35.68,3.91,96.96,-0.74,0.63,-0.12
2082,13:51:37,43,F,,22.93,0.10,N,N,35.72,3.92,96.96,-0.74,0.63,-0.06
2082,13:51:39,44,F,,22.67,0.08,N,N,35.73,3.91,96.96,-0.74,0.63,-0.12
2082,13:51:41,45,F,,22.93,0.17,N,N,35.77,3.91,96.96,-0.74,0.63,-0.06
2082,13:51:43,46,F,,22.96,0.21,N,N,35.76,3.91,96.96,-0.74,0.63,0.00
2082,13:51:45,47,F,,23.07,0.12,N,N,35.42,3.93,96.96,-0.75,0.64,-0.49
2082,13:51:48,48,F,,23.00,0.12,N,N,35.23,3.91,96.96,-0.74,0.63,-0.31
2082,13:51:50,49,F,,23.03,0.09,N,N,34.76,3.93,96.96,-0.48,0.37,24.72
2082,13:51:52,50,F,,23.40,0.06,N,N,34.69,3.93,96.95,0.52,0.01,32.90
2082,13:51:54,51,F,,24.04,0.22,N,N,34.73,3.92,96.95,0.79,-0.03,-13.18
2082,13:51:56,52,F,,24.71,0.43,N,N,34.64,3.93,96.94,0.71,-0.04,-25.21
2082,13:51:59,53,F,,27.50,0.55,N,N,34.59,3.91,96.91,0.71,-0.04,-7.51
2082,13:52:01,54,F,,29.68,1.67,N,N,34.47,3.91,96.88,0.63,-0.04,35.77
2082,13:52:03,55,F,,32.08,1.92,N,N,34.46,3.92,96.85,0.69,-0.03,-19.84
2082,13:52:05,56,F,,35.42,2.16,N,N,34.30,3.92,96.82,0.68,-0.06,-11.11
2082,13:52:07,57,F,,37.90,2.75,N,N,34.05,3.92,96.79,0.66,-0.05,11.11
2082,13:52:10,58,F,,39.95,2.61,N,N,33.93,3.91,96.76,0.67,-0.05,-20.02
2082,13:52:12,59,F,,42.32,2.34,N,N,33.56,3.93,96.74,0.67,-0.07,3.48
2082,13:52:14,60,F,,45.98,2.35,N,N,33.01,3.92,96.69,0.69,-0.09,17.21
2082,13:52:16,61,F,,51.22,3.01,N,N,32.81,3.92,96.63,0.72,-0.09,44.01
2082,13:52:18,62,F,,52.30,4.12,N,N,32.58,3.93,96.62,0.68,-0.04,17.03
2082,13:52:20,63,F,,56.45,2.60,N,N,32.41,3.92,96.57,0.65,-0.05,-3.36
2082,13:52:23,64,F,,60.38,3.37,N,N,32.27,3.92,96.53,0.68,-0.04,-1.77
2082,13:52:25,65,F,,63.46,3.65,N,N,32.10,3.93,96.49,0.67,0.01,7.51
2082,13:52:29,67,F,,73.72,4.38,N,N,31.72,3.94,96.37,0.66,-0.08,8.91
2082,13:52:31,68,F,,77.16,4.62,N,N,31.51,3.93,96.33,0.71,-0.07,-13.43
2082,13:52:36,70,F,,87.10,4.77,N,N,31.06,3.95,96.22,0.74,-0.06,-16.11
2082,13:52:38,71,F,,92.74,4.60,N,N,30.68,3.94,96.15,0.70,-0.05,7.93
2082,13:52:40,72,F,,98.33,5.12,N,N,30.43,3.94,96.09,0.65,-0.06,-1.40
2082,13:52:44,74,F,,109.79,4.66,N,N,29.85,3.93,95.96,0.64,-0.12,1.95
2082,13:52:55,79,F,,133.87,4.70,P,N,28.89,3.94,95.68,0.66,-0.09,8.91
2082,13:52:57,80,F,,133.86,5.11,P,N,28.83,3.94,95.68,0.69,-0.09,-1.95
2082,13:53:04,83,F,,134.90,1.08,P,N,28.44,3.95,95.67,0.73,-0.06,7.02
2082,13:53:10,86,F,,136.65,0.67,P,N,28.28,3.96,95.65,0.69,-0.02,3.42
2082,13:53:17,89,F,,136.91,1.42,P,N,28.19,3.96,95.65,0.74,0.03,-9.77
2082,13:53:19,90,F,,137.43,2.17,P,N,28.15,3.97,95.64,0.68,-0.01,-15.56
2082,13:53:21,91,F,,137.00,1.34,P,N,28.12,3.97,95.65,0.70,0.03,20.08
2082,13:53:26,93,F,,137.86,0.58,P,N,28.05,3.98,95.64,0.66,-0.03,-54.69
2082,13:53:30,95,F,,137.26,0.95,P,N,28.06,3.98,95.64,0.64,0.00,-46.33
2082,13:53:32,96,F,,136.50,0.83,P,N,28.10,3.96,95.65,0.87,0.01,42.36
2082,13:53:34,97,F,,138.51,0.79,P,N,28.08,3.97,95.63,0.70,0.04,40.71
2082,13:53:37,98,F,,144.42,1.40,P,N,28.03,3.97,95.56,0.67,0.00,7.63
2082,13:53:39,99,F,,148.00,3.66,P,N,28.02,3.96,95.52,0.72,0.02,-7.51
2082,13:55:26,148,F,,169.88,1.46,P,N,26.78,4.14,95.27,0.67,-0.05,-11.66
2082,13:55:48,158,F,,150.13,2.20,P,N,26.74,4.16,95.49,0.58,-0.07,-5.07
2082,13:56:03,165,F,,132.27,4.22,P,N,26.80,4.13,95.70,0.76,-0.03,-49.74
2082,13:56:05,166,F,,129.51,2.36,P,N,26.89,4.14,95.73,0.70,-0.03,66.22
2082,13:56:32,168,F,DESCENT,122.86,4.54,P,C,26.80,4.21,95.81,0.44,0.05,-109.50
2082,13:56:34,169,F,,87.59,2.33,P,C,27.13,4.19,96.21,0.52,-0.00,-29.17
2082,13:56:36,170,F,DESCENT,82.24,18.80,P,C,27.17,4.21,96.27,1.13,-0.19,-120.48
2082,13:56:38,171,F,,77.81,12.08,P,C,27.18,4.21,96.33,1.11,0.05,-76.54
2082,13:56:41,172,F,,72.53,8.25,P,C,27.25,4.21,96.39,-0.09,-0.32,-47.61
2082,13:56:43,173,F,,70.13,6.76,P,C,27.29,4.22,96.41,0.94,-0.04,158.33
2082,13:56:45,174,F,,65.60,4.58,P,C,27.37,4.24,96.47,1.21,-0.18,32.29
2082,13:56:47,175,F,,61.82,4.56,P,C,27.40,4.23,96.51,1.05,0.00,12.15
2082,13:56:49,176,F,,56.79,4.17,P,C,27.44,4.24,96.57,1.75,-0.12,12.02
2082,13:56:52,177,F,,53.31,4.60,P,C,27.53,4.31,96.61,0.70,0.46,-40.53
2082,13:56:54,178,F,,50.52,4.04,P,C,27.58,4.31,96.64,0.34,-0.36,-193.73
2082,13:56:56,179,F,,49.85,3.42,P,C,27.63,4.28,96.65,1.66,0.03,74.22
2082,13:56:58,180,F,,48.71,2.04,P,C,27.68,4.24,96.66,1.05,0.17,-11.35
2082,13:57:00,181,F,,49.26,1.59,P,C,27.71,4.22,96.66,0.79,-0.12,-303.22
2082,13:57:02,182,F,,47.98,1.07,P,C,27.77,4.22,96.67,0.62,0.46,133.61
2082,13:57:05,183,F,,48.56,1.18,P,C,27.79,4.22,96.66,1.03,-0.09,14.34
2082,13:57:07,184,F,,46.44,0.88,P,C,27.81,4.20,96.69,0.19,0.45,-244.93
2082,13:57:09,185,F,,44.38,1.50,P,C,27.85,4.17,96.71,1.03,0.09,13.79
2082,13:57:11,186,F,,44.96,1.78,P,C,27.87,4.17,96.70,0.78,0.16,75.81
2082,13:57:13,187,F,,43.63,1.18,P,C,27.89,4.16,96.72,1.10,0.08,34.55
2082,13:57:15,188,F,,41.99,1.25,P,C,27.97,4.22,96.74,0.29,-0.04,-17.21
2082,13:57:28,194,F,,22.27,1.84,P,C,28.47,4.66,96.97,0.46,-0.02,-41.81
2082,13:57:31,195,F,,22.28,1.01,P,C,28.55,4.50,96.97,0.64,-0.04,-16.60
2082,22:54:44,94,F,DESCENT,110.00,10.00,P,N,28.78,-0.14,96.62,-0.04,-0.10,0.67
2082,22:54:46,95,F,DESCENT,100.00,10.00,P,N,28.80,-0.13,96.62,-0.02,-0.09,0.31
2082,22:55:28,104,F,DESCENT,10.00,10.00,P,C,28.85,-0.14,96.62,-0.04,-0.11,0.92
2082,22:55:30,105,F,DESCENT,0.00,10.00,P,C,28.86,-0.14,96.62,-0.16,-0.08,0.79
2082,22:55:34,107,F,DESCENT,-20.00,10.00,P,C,28.86,-0.14,96.62,-0.11,-0.10,-2.56
2082,22:55:37,108,F,DESCENT,-30.00,10.00,P,C,28.88,-0.14,96.63,-0.09,-0.19,0.06
2082,22:55:39,109,F,DESCENT,-40.00,10.00,P,C,28.88,-0.14,96.62,-0.15,-0.15,-2.38
2082,22:55:41,110,F,DESCENT,-50.00,10.00,P,C,28.89,-0.14,96.62,-0.13,-0.12,-3.36
2082,22:55:43,111,F,DESCENT,-60.00,10.00,P,C,28.90,-0.14,96.62,-0.10,-0.14,2.08
2082,22:55:45,112,F,DESCENT,-70.00,10.00,P,C,28.91,-0.15,96.63,-0.11,-0.13,-1.89
2082,22:55:48,113,F,DESCENT,-80.00,10.00,P,C,28.92,-0.14,96.62,-0.10,-0.13,-0.55
2082,22:55:50,114,F,DESCENT,-90.00,10.00,P,C,28.92,-0.14,96.62,-0.12,-0.16,2.38
2082,22:55:52,115,F,DESCENT,-100.00,10.00,P,C,28.92,-0.14,96.63,-0.04,-0.17,0.49
2082,22:55:54,116,F,DESCENT,-110.00,10.00,P,C,28.94,-0.14,96.62,-0.07,-0.17,3.60
2082,22:55:56,117,F,DESCENT,-120.00,10.00,P,C,28.95,-0.14,96.62,-0.04,-0.19,0.06
2082,23:08:29,138,F,ASCENT,120.00,10.00,N,N,29.07,-0.11,96.61,0.08,-0.04,0.49
2082,23:08:33,139,F,ASCENT,130.00,10.00,P,N,29.06,-0.11,96.61,0.05,-0.05,-0.37
2082,23:08:37,140,F,ASCENT,120.00,10.00,P,N,29.06,-0.11,96.60,0.07,-0.03,-0.61
2082,23:08:39,141,F,DESCENT,110.00,10.00,P,N,29.16,-0.14,96.60,0.04,-0.04,-1.22
2082,23:08:42,142,F,DESCENT,100.00,10.00,P,N,29.17,-0.14,96.61,0.06,-0.03,-0.43
2082,23:09:06,143,F,DESCENT,90.00,10.00,P,C,29.09,-0.11,96.61,-0.26,-0.46,-5.86
2082,23:09:08,144,F,DESCENT,80.00,10.00,P,C,29.15,-0.13,96.61,0.15,-0.28,-1.10
2082,23:09:10,145,F,DESCENT,70.00,10.00,P,C,29.17,-0.14,96.60,0.19,-0.28,-1.22
2082,15:04:37,370,F,DESCENT,-1980.00,10.00,P,C,30.01,-0.14,95.67,-0.98,-0.01,-0.18
2082,15:04:40,371,F,DESCENT,-1990.00,10.00,P,C,30.02,-0.14,95.67,-0.98,-0.01,-0.24
2082,15:04:42,372,F,DESCENT,-2000.00,10.00,P,C,30.02,-0.14,95.67,-0.98,-0.02,-0.24
2082,15:04:44,373,F,DESCENT,-2010.00,10.00,P,C,30.02,-0.14,95.67,-1.01,-0.08,-0.55
2082,15:04:46,374,F,DESCENT,-2020.00,10.00,P,C,30.02,-0.14,95.67,-0.97,-0.01,-0.49
2082,15:04:48,375,F,DESCENT,-2030.00,10.00,P,C,30.02,-0.14,95.67,-0.95,-0.00,-0.31
2082,15:04:51,376,F,DESCENT,-2040.00,10.00,P,C,30.02,-0.13,95.67,-0.98,0.00,-0.37
2082,15:04:53,377,F,DESCENT,-2050.00,10.00,P,C,30.03,-0.14,95.67,-0.97,-0.00,-0.24
2082,15:04:57,379,F,DESCENT,-2070.00,10.00,P,C,30.03,-0.14,95.67,-0.97,0.00,-0.31
2082,15:04:59,380,F,DESCENT,-2080.00,10.00,P,C,30.04,-0.14,95.67,-0.98,-0.01,-0.37
2082,15:05:02,381,F,DESCENT,-2090.00,10.00,P,C,30.04,-0.15,95.67,-0.98,-0.01,-0.12
2082,15:05:04,382,F,DESCENT,-2100.00,10.00,P,C,30.04,-0.14,95.67,-0.98,-0.00,-0.06
2082,15:05:06,383,F,DESCENT,-2110.00,10.00,P,C,30.04,-0.15,95.67,-0.98,-0.02,-0.24
2082,15:05:08,384,F,DESCENT,-2120.00,10.00,P,C,30.05,-0.14,95.67,-0.98,-0.01,-0.31
2082,15:05:11,385,F,DESCENT,-2130.00,10.00,P,C,30.05,-0.14,95.67,-0.98,-0.00,-0.24
2082,15:05:13,386,F,DESCENT,-2140.00,10.00,P,C,30.04,-0.14,95.67,-0.98,-0.01,-0.24
2082,15:05:15,387,F,DESCENT,-2150.00,10.00,P,C,30.05,-0.14,95.67,-0.98,-0.01,-0.24
2082,15:05:17,388,F,DESCENT,-2160.00,10.00,P,C,30.05,-0.14,95.68,-0.98,-0.01,-0.18
2082,15:05:19,389,F,DESCENT,-2170.00,10.00,P,C,30.04,-0.14,95.67,-0.98,-0.01,-0.18
2082,15:05:22,390,F,DESCENT,-2180.00,10.00,P,C,30.05,-0.14,95.67,-0.98,-0.02,-0.37
2082,15:05:24,391,F,DESCENT,-2190.00,10.00,P,C,30.05,-0.14,95.67,-0.98,-0.01,-0.18
2082,15:05:26,392,F,DESCENT,-2200.00,10.00,P,C,30.06,-0.15,95.67,-0.98,-0.01,-0.31
2082,15:05:28,393,F,DESCENT,-2210.00,10.00,P,C,30.06,-0.15,95.67,-0.98,-0.00,-0.31
2082,15:05:30,394,F,DESCENT,-2220.00,10.00,P,C,30.05,-0.14,95.67,-0.98,-0.01,-0.31
2082,15:05:33,395,F,DESCENT,-2230.00,10.00,P,C,30.06,-0.15,95.67,-0.98,-0.01,-0.18
